datetime,symbol,open,high,low,close,volume
2018-03-22 05:30:00,AMEX:BDRY,25.4,25.72,25.3598,25.513,5379.0
2018-03-23 05:30:00,AMEX:BDRY,25.52,25.52,24.1005,24.1005,204960.0
2018-03-26 05:30:00,AMEX:BDRY,24.35,24.85,24.35,24.84,102408.0
2018-03-27 05:30:00,AMEX:BDRY,24.65,24.65,23.46,24.08,8522.0
2018-03-28 05:30:00,AMEX:BDRY,23.9,23.9,23.1,23.38,2202.0
2018-03-29 05:30:00,AMEX:BDRY,22.9,22.9,22.78,22.78,1089.0
2018-04-02 05:30:00,AMEX:BDRY,24.46,24.46,22.95,23.0,1902.0
2018-04-03 05:30:00,AMEX:BDRY,22.0,22.0,21.25,21.25,2029.0
2018-04-04 05:30:00,AMEX:BDRY,20.5,20.5,19.0,19.25,75936.0
2018-04-05 05:30:00,AMEX:BDRY,20.25,20.4394,20.2,20.25,753.0
2018-04-06 05:30:00,AMEX:BDRY,20.03,20.45,20.03,20.45,3056.0
2018-04-09 05:30:00,AMEX:BDRY,21.8,21.8,21.46,21.46,221.0
2018-04-10 05:30:00,AMEX:BDRY,21.5,21.5,21.5,21.5,300.0
2018-04-11 05:30:00,AMEX:BDRY,20.75,20.75,20.45,20.45,300.0
2018-04-12 05:30:00,AMEX:BDRY,21.0,22.5799,21.0,22.25,11545.0
2018-04-13 05:30:00,AMEX:BDRY,21.99,21.991,21.51,21.5816,11473.0
2018-04-16 05:30:00,AMEX:BDRY,20.5,20.5,20.25,20.25,1410.0
2018-04-17 05:30:00,AMEX:BDRY,21.25,21.4,21.25,21.4,586.0
2018-04-18 05:30:00,AMEX:BDRY,22.45,22.5,22.25,22.27,3555.0
2018-04-19 05:30:00,AMEX:BDRY,21.5,21.82,21.5,21.81,6803.0
2018-04-20 05:30:00,AMEX:BDRY,22.3168,22.5003,22.28,22.5,915.0
2018-04-23 05:30:00,AMEX:BDRY,22.7,22.7,22.7,22.7,285.0
2018-04-24 05:30:00,AMEX:BDRY,22.75,22.92,22.75,22.79,525.0
2018-04-25 05:30:00,AMEX:BDRY,22.75,22.75,22.75,22.75,175.0
2018-04-26 05:30:00,AMEX:BDRY,22.0,22.0,22.0,22.0,100.0
2018-04-27 05:30:00,AMEX:BDRY,21.5,21.75,21.5,21.75,245.0
2018-04-30 05:30:00,AMEX:BDRY,21.5,21.5,21.5,21.5,118.0
2018-05-01 05:30:00,AMEX:BDRY,21.75,22.0,21.75,21.76,300.0
2018-05-02 05:30:00,AMEX:BDRY,22.3,22.53,22.25,22.5,5448.0
2018-05-03 05:30:00,AMEX:BDRY,22.25,22.25,22.25,22.25,100.0
2018-05-04 05:30:00,AMEX:BDRY,23.25,23.25,23.0,23.0,229.0
2018-05-08 05:30:00,AMEX:BDRY,22.75,23.5,22.74,23.5,2400.0
2018-05-09 05:30:00,AMEX:BDRY,22.25,23.52,22.25,23.25,502.0
2018-05-10 05:30:00,AMEX:BDRY,22.75,22.75,22.75,22.75,232.0
2018-05-11 05:30:00,AMEX:BDRY,23.25,24.0,23.25,23.75,4399.0
2018-05-14 05:30:00,AMEX:BDRY,23.25,23.25,23.0,23.01,420.0
2018-05-15 05:30:00,AMEX:BDRY,21.4,21.4,21.4,21.4,240.0
2018-05-16 05:30:00,AMEX:BDRY,21.0,21.0,21.0,21.0,126.0
2018-05-21 05:30:00,AMEX:BDRY,22.5,22.5,22.5,22.5,258.0
2018-05-22 05:30:00,AMEX:BDRY,21.25,21.25,21.0,21.0,207.0
2018-05-23 05:30:00,AMEX:BDRY,20.5,20.5,20.0,20.0,912.0
2018-05-24 05:30:00,AMEX:BDRY,19.5,19.5,19.5,19.5,1100.0
2018-05-29 05:30:00,AMEX:BDRY,19.25,19.25,18.7315,18.7315,1100.0
2018-05-30 05:30:00,AMEX:BDRY,19.4962,19.4962,19.4962,19.4962,100.0
2018-05-31 05:30:00,AMEX:BDRY,19.46,20.499,19.46,20.2373,600.0
2018-06-01 05:30:00,AMEX:BDRY,20.75,21.0,20.75,21.0,200.0
2018-06-04 05:30:00,AMEX:BDRY,21.25,21.25,21.2462,21.2462,480.0
2018-06-05 05:30:00,AMEX:BDRY,21.5,22.13,21.5,22.13,600.0
2018-06-06 05:30:00,AMEX:BDRY,22.5,22.5,22.0,22.0,620.0
2018-06-07 05:30:00,AMEX:BDRY,22.01,22.01,21.9156,21.9703,1245.0
2018-06-12 05:30:00,AMEX:BDRY,22.19,22.19,22.19,22.19,100.0
2018-06-13 05:30:00,AMEX:BDRY,22.4766,22.4766,22.07,22.2539,5529.0
2018-06-14 05:30:00,AMEX:BDRY,22.5315,22.5315,22.5315,22.5315,100.0
2018-06-15 05:30:00,AMEX:BDRY,22.25,22.25,22.25,22.25,100.0
2018-06-19 05:30:00,AMEX:BDRY,21.35,21.35,21.3,21.3,434.0
2018-06-20 05:30:00,AMEX:BDRY,20.703,20.7935,20.703,20.7935,402.0
2018-06-21 05:30:00,AMEX:BDRY,21.395,21.4,21.395,21.4,200.0
2018-06-22 05:30:00,AMEX:BDRY,21.4,21.4,21.4,21.4,100.0
2018-06-27 05:30:00,AMEX:BDRY,21.04,21.04,21.04,21.04,100.0
2018-06-28 05:30:00,AMEX:BDRY,21.43,21.58,21.43,21.58,3977.0
2018-06-29 05:30:00,AMEX:BDRY,22.04,22.04,22.0,22.04,1423.0
2018-07-02 05:30:00,AMEX:BDRY,22.03,22.035,21.8422,21.8422,300.0
2018-07-03 05:30:00,AMEX:BDRY,21.995,21.995,21.995,21.995,100.0
2018-07-05 05:30:00,AMEX:BDRY,22.2496,22.2496,22.2496,22.2496,103.0
2018-07-06 05:30:00,AMEX:BDRY,22.64,22.67,22.585,22.67,1000.0
2018-07-09 05:30:00,AMEX:BDRY,22.02,22.02,22.02,22.02,100.0
2018-07-10 05:30:00,AMEX:BDRY,22.3,22.3,22.2,22.23,6600.0
2018-07-12 05:30:00,AMEX:BDRY,23.0,23.4699,23.0,23.4699,301.0
2018-07-18 05:30:00,AMEX:BDRY,23.01,23.01,23.01,23.01,101.0
2018-07-19 05:30:00,AMEX:BDRY,23.01,23.01,23.01,23.01,102.0
2018-07-20 05:30:00,AMEX:BDRY,24.1001,24.1001,24.1001,24.1001,300.0
2018-07-23 05:30:00,AMEX:BDRY,24.29,24.7155,24.29,24.5936,975.0
2018-07-24 05:30:00,AMEX:BDRY,24.814,24.814,24.54,24.54,4130.0
2018-07-25 05:30:00,AMEX:BDRY,24.64,24.64,24.64,24.64,200.0
2018-07-26 05:30:00,AMEX:BDRY,24.5,24.5,24.5,24.5,251.0
2018-07-27 05:30:00,AMEX:BDRY,24.3021,24.3021,24.3021,24.3021,250.0
2018-07-30 05:30:00,AMEX:BDRY,24.602,24.602,24.6,24.6,200.0
2018-08-01 05:30:00,AMEX:BDRY,24.6993,24.917,24.6693,24.6693,512.0
2018-08-02 05:30:00,AMEX:BDRY,24.85,24.85,24.85,24.85,150.0
2018-08-03 05:30:00,AMEX:BDRY,25.2605,25.2605,25.2605,25.2605,200.0
2018-08-06 05:30:00,AMEX:BDRY,24.82,24.82,24.802,24.802,300.0
2018-08-10 05:30:00,AMEX:BDRY,24.83,24.83,24.83,24.83,100.0
2018-08-13 05:30:00,AMEX:BDRY,25.37,25.37,25.37,25.37,205.0
2018-08-14 05:30:00,AMEX:BDRY,25.1129,25.2,25.1129,25.2,322.0
2018-08-15 05:30:00,AMEX:BDRY,25.2353,25.2353,25.2353,25.2353,325.0
2018-08-20 05:30:00,AMEX:BDRY,25.47,25.47,25.47,25.47,157.0
2018-08-21 05:30:00,AMEX:BDRY,25.58,25.6,25.58,25.58,408.0
2018-08-22 05:30:00,AMEX:BDRY,25.5991,25.5991,25.5693,25.5693,226.0
2018-08-23 05:30:00,AMEX:BDRY,25.3744,25.45,25.3744,25.45,329.0
2018-08-24 05:30:00,AMEX:BDRY,25.435,25.435,25.435,25.435,200.0
2018-09-04 05:30:00,AMEX:BDRY,24.56,24.56,24.56,24.56,164.0
2018-09-11 05:30:00,AMEX:BDRY,23.42,23.42,23.42,23.42,4350.0
2018-09-12 05:30:00,AMEX:BDRY,22.6401,22.83,22.64,22.8,1704.0
2018-09-13 05:30:00,AMEX:BDRY,23.06,23.06,23.05,23.05,300.0
2018-09-14 05:30:00,AMEX:BDRY,22.7,22.7,22.7,22.7,101.0
2018-09-19 05:30:00,AMEX:BDRY,22.54,22.54,22.28,22.28,200.0
2018-09-20 05:30:00,AMEX:BDRY,22.16,22.16,22.04,22.1401,550.0
2018-09-21 05:30:00,AMEX:BDRY,22.7348,22.7348,22.7348,22.7348,150.0
2018-09-24 05:30:00,AMEX:BDRY,22.95,22.95,22.95,22.95,100.0
2018-09-25 05:30:00,AMEX:BDRY,22.46,22.5357,22.46,22.5357,340.0
2018-09-26 05:30:00,AMEX:BDRY,22.63,22.88,22.62,22.88,999.0
2018-09-28 05:30:00,AMEX:BDRY,22.94,22.94,22.94,22.94,220.0
2018-10-05 05:30:00,AMEX:BDRY,21.825,21.825,21.825,21.825,100.0
2018-10-09 05:30:00,AMEX:BDRY,21.36,21.36,21.3271,21.3271,705.0
2018-10-11 05:30:00,AMEX:BDRY,22.41,22.41,22.41,22.41,100.0
2018-10-12 05:30:00,AMEX:BDRY,23.2,23.2,22.95,23.1495,1153.0
2018-10-15 05:30:00,AMEX:BDRY,22.65,22.65,22.65,22.65,200.0
2018-10-17 05:30:00,AMEX:BDRY,22.2599,22.2599,22.2599,22.2599,150.0
2018-10-19 05:30:00,AMEX:BDRY,22.18,22.21,22.18,22.21,300.0
2018-10-22 05:30:00,AMEX:BDRY,22.37,22.37,22.37,22.37,207.0
2018-10-24 05:30:00,AMEX:BDRY,21.375,21.375,21.375,21.375,200.0
2018-11-05 05:30:00,AMEX:BDRY,18.9691,18.9691,18.83,18.83,361.0
2018-11-06 05:30:00,AMEX:BDRY,18.2893,18.2893,18.0101,18.0101,3713.0
2018-11-07 05:30:00,AMEX:BDRY,17.1,17.36,16.84,17.36,3050.0
2018-11-08 05:30:00,AMEX:BDRY,17.15,17.15,17.1,17.1,1000.0
2018-11-09 05:30:00,AMEX:BDRY,16.01,16.07,16.01,16.07,682.0
2018-11-12 05:30:00,AMEX:BDRY,17.01,17.1,16.63,16.63,6588.0
2018-11-14 05:30:00,AMEX:BDRY,14.73,14.73,14.45,14.661,11771.0
2018-11-15 05:30:00,AMEX:BDRY,16.0541,16.0541,16.02,16.02,200.0
2018-11-16 05:30:00,AMEX:BDRY,15.89,15.89,15.89,15.89,681.0
2018-11-19 05:30:00,AMEX:BDRY,15.8106,15.9034,15.76,15.9034,601.0
2018-11-20 05:30:00,AMEX:BDRY,15.04,15.04,15.04,15.04,500.0
2018-11-21 05:30:00,AMEX:BDRY,15.35,15.5538,15.35,15.5538,201.0
2018-11-23 05:30:00,AMEX:BDRY,16.75,16.75,16.75,16.75,100.0
2018-11-26 05:30:00,AMEX:BDRY,17.98,17.98,17.98,17.98,250.0
2018-11-27 05:30:00,AMEX:BDRY,18.15,18.52,18.15,18.52,300.0
2018-11-28 05:30:00,AMEX:BDRY,17.3189,17.3189,17.05,17.06,800.0
2018-11-29 05:30:00,AMEX:BDRY,16.39,16.39,16.39,16.39,100.0
2018-11-30 05:30:00,AMEX:BDRY,16.4016,16.4016,16.4016,16.4016,237.0
2018-12-03 05:30:00,AMEX:BDRY,17.65,17.65,17.65,17.65,100.0
2018-12-04 05:30:00,AMEX:BDRY,18.2451,18.54,18.072,18.54,2759.0
2018-12-11 05:30:00,AMEX:BDRY,17.84,18.05,17.84,18.05,125.0
2018-12-12 05:30:00,AMEX:BDRY,17.81,18.145,17.81,18.145,100.0
2018-12-13 05:30:00,AMEX:BDRY,18.34,18.34,17.97,18.21,200.0
2018-12-17 05:30:00,AMEX:BDRY,18.502,18.615,18.5,18.615,1170.0
2018-12-24 05:30:00,AMEX:BDRY,17.66,17.89,17.66,17.89,100.0
2018-12-26 05:30:00,AMEX:BDRY,17.42,17.42,17.42,17.42,1.0
2018-12-27 05:30:00,AMEX:BDRY,17.65,17.885,17.65,17.885,100.0
2018-12-28 05:30:00,AMEX:BDRY,17.98,18.17,17.98,18.17,552.0
2019-01-02 05:30:00,AMEX:BDRY,18.46,18.49,18.46,18.49,100.0
2019-01-04 05:30:00,AMEX:BDRY,18.09,18.09,17.92,17.92,200.0
2019-01-10 05:30:00,AMEX:BDRY,17.2632,17.2632,17.11,17.11,107.0
2019-01-14 05:30:00,AMEX:BDRY,17.135,17.135,17.135,17.135,100.0
2019-01-16 05:30:00,AMEX:BDRY,16.8097,16.8097,16.665,16.665,100.0
2019-01-17 05:30:00,AMEX:BDRY,17.06,17.06,17.06,17.06,1.0
2019-01-18 05:30:00,AMEX:BDRY,17.0614,17.27,17.0614,17.27,300.0
2019-01-22 05:30:00,AMEX:BDRY,15.6827,15.6827,15.605,15.605,275.0
2019-01-24 05:30:00,AMEX:BDRY,15.265,15.265,15.265,15.265,35.0
2019-01-25 05:30:00,AMEX:BDRY,15.2,15.2,15.095,15.095,132.0
2019-01-28 05:30:00,AMEX:BDRY,13.17,13.435,13.0,13.435,4568.0
2019-01-29 05:30:00,AMEX:BDRY,13.75,13.75,12.555,12.555,9349.0
2019-01-30 05:30:00,AMEX:BDRY,11.8993,12.25,11.68,12.215,3297.0
2019-01-31 05:30:00,AMEX:BDRY,12.25,12.25,12.175,12.175,905.0
2019-02-01 05:30:00,AMEX:BDRY,12.86,12.86,12.86,12.86,95.0
2019-02-04 05:30:00,AMEX:BDRY,12.58,12.58,12.52,12.52,1353.0
2019-02-05 05:30:00,AMEX:BDRY,12.63,12.63,12.2,12.3768,2035.0
2019-02-06 05:30:00,AMEX:BDRY,11.89,11.89,11.75,11.75,1548.0
2019-02-07 05:30:00,AMEX:BDRY,11.22,11.22,10.76,10.87,1730.0
2019-02-08 05:30:00,AMEX:BDRY,11.02,11.02,11.02,11.02,200.0
2019-02-11 05:30:00,AMEX:BDRY,11.395,11.4,11.18,11.4,9304.0
2019-02-12 05:30:00,AMEX:BDRY,11.59,11.67,11.58,11.67,1111.0
2019-02-13 05:30:00,AMEX:BDRY,11.74,11.75,11.635,11.635,1435.0
2019-02-14 05:30:00,AMEX:BDRY,11.2401,11.2401,11.0849,11.0849,380.0
2019-02-15 05:30:00,AMEX:BDRY,11.01,11.2,10.791,11.19,10540.0
2019-02-19 05:30:00,AMEX:BDRY,10.98,11.09,10.98,10.99,1564.0
2019-02-20 05:30:00,AMEX:BDRY,10.73,11.1,10.73,10.89,95975.0
2019-02-21 05:30:00,AMEX:BDRY,10.65,10.695,10.65,10.695,668.0
2019-02-22 05:30:00,AMEX:BDRY,10.886,10.935,10.886,10.925,1550.0
2019-02-25 05:30:00,AMEX:BDRY,11.015,11.13,11.015,11.09,5800.0
2019-02-26 05:30:00,AMEX:BDRY,11.14,11.29,11.14,11.155,7382.0
2019-02-27 05:30:00,AMEX:BDRY,11.14,11.17,11.0715,11.1,6894.0
2019-02-28 05:30:00,AMEX:BDRY,11.07,11.07,11.02,11.04,4827.0
2019-03-01 05:30:00,AMEX:BDRY,10.82,10.82,10.71,10.71,4175.0
2019-03-04 05:30:00,AMEX:BDRY,10.52,10.645,10.52,10.6138,1488.0
2019-03-05 05:30:00,AMEX:BDRY,10.25,10.36,10.2441,10.25,7683.0
2019-03-06 05:30:00,AMEX:BDRY,10.05,10.05,9.8693,9.9115,26069.0
2019-03-07 05:30:00,AMEX:BDRY,9.65,9.65,9.5221,9.555,7078.0
2019-03-08 05:30:00,AMEX:BDRY,9.62,9.768,9.574,9.574,2000.0
2019-03-11 05:30:00,AMEX:BDRY,9.57,9.6,9.57,9.6,600.0
2019-03-12 05:30:00,AMEX:BDRY,9.85,10.02,9.85,9.992,53499.0
2019-03-13 05:30:00,AMEX:BDRY,10.05,10.09,10.05,10.09,20020.0
2019-03-14 05:30:00,AMEX:BDRY,10.76,11.02,10.72,11.02,3362.0
2019-03-15 05:30:00,AMEX:BDRY,10.98,11.03,10.965,10.965,8650.0
2019-03-18 05:30:00,AMEX:BDRY,10.47,10.48,10.28,10.28,8833.0
2019-03-19 05:30:00,AMEX:BDRY,10.1085,10.12,9.77,9.9834,35887.0
2019-03-20 05:30:00,AMEX:BDRY,10.8831,10.9169,10.5875,10.6317,2072.0
2019-03-21 05:30:00,AMEX:BDRY,10.33,10.355,10.33,10.355,1870.0
2019-03-22 05:30:00,AMEX:BDRY,10.44,10.443,10.44,10.443,10005.0
2019-03-25 05:30:00,AMEX:BDRY,10.41,10.435,10.41,10.435,100.0
2019-03-26 05:30:00,AMEX:BDRY,10.0799,10.08,9.9725,9.9725,2139.0
2019-03-27 05:30:00,AMEX:BDRY,10.1,10.1,9.9738,9.9738,490.0
2019-03-28 05:30:00,AMEX:BDRY,10.016,10.045,10.016,10.045,401.0
2019-03-29 05:30:00,AMEX:BDRY,9.396,9.4568,9.32,9.3594,7952.0
2019-04-01 05:30:00,AMEX:BDRY,9.3899,9.3899,9.3,9.3,300.0
2019-04-02 05:30:00,AMEX:BDRY,9.4599,9.46,9.435,9.435,895.0
2019-04-03 05:30:00,AMEX:BDRY,9.33,9.56,9.29,9.56,1000.0
2019-04-04 05:30:00,AMEX:BDRY,9.59,9.6,9.43,9.43,3557.0
2019-04-05 05:30:00,AMEX:BDRY,9.64,9.65,9.49,9.545,4630.0
2019-04-08 05:30:00,AMEX:BDRY,9.65,9.655,9.58,9.655,707.0
2019-04-09 05:30:00,AMEX:BDRY,9.8003,9.84,9.8003,9.84,100.0
2019-04-10 05:30:00,AMEX:BDRY,9.6799,9.705,9.67,9.705,912.0
2019-04-11 05:30:00,AMEX:BDRY,9.21,9.35,9.2,9.255,6287.0
2019-04-12 05:30:00,AMEX:BDRY,9.6128,9.665,9.61,9.665,811.0
2019-04-15 05:30:00,AMEX:BDRY,10.0,10.1395,10.0,10.1309,3700.0
2019-04-16 05:30:00,AMEX:BDRY,10.1599,10.1599,10.0,10.0742,3016.0
2019-04-17 05:30:00,AMEX:BDRY,10.375,10.435,10.2448,10.435,4319.0
2019-04-18 05:30:00,AMEX:BDRY,10.6881,10.82,10.66,10.725,17839.0
2019-04-22 05:30:00,AMEX:BDRY,10.7824,10.81,10.7563,10.77,6049.0
2019-04-23 05:30:00,AMEX:BDRY,11.02,11.1499,10.96,11.0875,6134.0
2019-04-24 05:30:00,AMEX:BDRY,11.1044,11.13,11.0,11.0,2257.0
2019-04-25 05:30:00,AMEX:BDRY,11.1275,11.1275,10.98,11.055,366.0
2019-04-26 05:30:00,AMEX:BDRY,11.4134,11.46,11.3201,11.4057,2492.0
2019-04-29 05:30:00,AMEX:BDRY,11.9499,12.01,11.8438,12.01,3016.0
2019-04-30 05:30:00,AMEX:BDRY,12.3786,12.4,12.2905,12.385,3276.0
2019-05-01 05:30:00,AMEX:BDRY,12.341,12.38,12.23,12.2514,1647.0
2019-05-02 05:30:00,AMEX:BDRY,12.25,12.35,12.22,12.282,5653.0
2019-05-03 05:30:00,AMEX:BDRY,12.22,12.2505,12.22,12.2505,3331.0
2019-05-06 05:30:00,AMEX:BDRY,11.31,11.31,11.15,11.215,6158.0
2019-05-07 05:30:00,AMEX:BDRY,11.22,11.22,11.0,11.105,960.0
2019-05-08 05:30:00,AMEX:BDRY,11.6936,11.79,11.59,11.79,4061.0
2019-05-09 05:30:00,AMEX:BDRY,11.8289,11.845,11.7955,11.845,1405.0
2019-05-10 05:30:00,AMEX:BDRY,12.18,12.25,12.1501,12.25,4168.0
2019-05-13 05:30:00,AMEX:BDRY,12.41,12.41,12.115,12.115,3009.0
2019-05-14 05:30:00,AMEX:BDRY,12.152,12.185,12.152,12.185,773.0
2019-05-15 05:30:00,AMEX:BDRY,11.9199,11.9199,11.8,11.8,1257.0
2019-05-16 05:30:00,AMEX:BDRY,11.8736,11.89,11.835,11.835,220.0
2019-05-17 05:30:00,AMEX:BDRY,12.0253,12.0253,11.9001,12.025,4576.0
2019-05-20 05:30:00,AMEX:BDRY,11.98,11.98,11.7501,11.835,11093.0
2019-05-21 05:30:00,AMEX:BDRY,12.04,12.04,11.9514,11.965,1323.0
2019-05-22 05:30:00,AMEX:BDRY,12.0726,12.0726,12.0418,12.0454,641.0
2019-05-23 05:30:00,AMEX:BDRY,12.08,12.235,12.08,12.235,932.0
2019-05-24 05:30:00,AMEX:BDRY,12.2914,12.2926,12.14,12.205,1543.0
2019-05-28 05:30:00,AMEX:BDRY,12.52,12.53,12.365,12.365,1668.0
2019-05-29 05:30:00,AMEX:BDRY,12.4141,12.5199,12.395,12.5159,2322.0
2019-05-30 05:30:00,AMEX:BDRY,12.2509,12.26,12.18,12.18,1028.0
2019-05-31 05:30:00,AMEX:BDRY,12.275,12.275,12.21,12.25,1007.0
2019-06-03 05:30:00,AMEX:BDRY,12.27,12.445,12.21,12.445,1637.0
2019-06-04 05:30:00,AMEX:BDRY,12.65,12.65,12.49,12.49,880.0
2019-06-05 05:30:00,AMEX:BDRY,12.5999,12.5999,12.4968,12.5,671.0
2019-06-06 05:30:00,AMEX:BDRY,12.4699,12.4699,12.425,12.425,300.0
2019-06-07 05:30:00,AMEX:BDRY,12.35,12.3501,12.23,12.295,2420.0
2019-06-10 05:30:00,AMEX:BDRY,12.15,12.15,12.01,12.085,1771.0
2019-06-11 05:30:00,AMEX:BDRY,12.0964,12.0964,11.9316,12.01,604.0
2019-06-13 05:30:00,AMEX:BDRY,11.91,12.1089,11.91,12.085,3753.0
2019-06-14 05:30:00,AMEX:BDRY,12.3205,12.385,12.3205,12.385,1515.0
2019-06-17 05:30:00,AMEX:BDRY,12.406,12.406,12.31,12.37,558.0
2019-06-18 05:30:00,AMEX:BDRY,12.47,12.47,12.38,12.385,510.0
2019-06-19 05:30:00,AMEX:BDRY,12.5075,12.5075,12.445,12.445,225.0
2019-06-21 05:30:00,AMEX:BDRY,12.6073,12.69,12.5988,12.69,1455.0
2019-06-24 05:30:00,AMEX:BDRY,12.7701,12.96,12.75,12.96,1359.0
2019-06-25 05:30:00,AMEX:BDRY,12.84,13.005,12.84,13.005,2075.0
2019-06-26 05:30:00,AMEX:BDRY,13.063,13.063,12.995,12.995,800.0
2019-06-27 05:30:00,AMEX:BDRY,13.0057,13.0057,12.93,12.93,100.0
2019-06-28 05:30:00,AMEX:BDRY,12.925,13.15,12.9077,13.15,1096.0
2019-07-01 05:30:00,AMEX:BDRY,13.35,13.44,13.35,13.42,4946.0
2019-07-02 05:30:00,AMEX:BDRY,14.28,14.3355,14.22,14.302,8216.0
2019-07-03 05:30:00,AMEX:BDRY,14.95,15.1,14.95,15.02,5184.0
2019-07-05 05:30:00,AMEX:BDRY,15.04,15.1049,14.9,14.9,100752.0
2019-07-08 05:30:00,AMEX:BDRY,14.53,15.1387,14.3399,15.0659,8692.0
2019-07-09 05:30:00,AMEX:BDRY,15.6,15.84,15.6,15.775,9614.0
2019-07-10 05:30:00,AMEX:BDRY,15.45,15.78,15.2226,15.78,4675.0
2019-07-11 05:30:00,AMEX:BDRY,16.15,16.35,16.14,16.305,4082.0
2019-07-12 05:30:00,AMEX:BDRY,16.56,16.605,16.5,16.605,11074.0
2019-07-15 05:30:00,AMEX:BDRY,16.99,17.18,16.8685,17.125,17643.0
2019-07-16 05:30:00,AMEX:BDRY,17.12,17.12,16.5068,16.575,11752.0
2019-07-17 05:30:00,AMEX:BDRY,16.98,17.01,16.79,16.975,3163.0
2019-07-18 05:30:00,AMEX:BDRY,17.12,17.25,17.12,17.195,52241.0
2019-07-19 05:30:00,AMEX:BDRY,17.27,17.565,17.27,17.565,20174.0
2019-07-22 05:30:00,AMEX:BDRY,17.77,18.0,17.77,17.9879,6891.0
2019-07-23 05:30:00,AMEX:BDRY,17.37,17.37,16.98,17.065,18062.0
2019-07-24 05:30:00,AMEX:BDRY,16.25,16.52,16.14,16.35,35016.0
2019-07-25 05:30:00,AMEX:BDRY,16.86,16.917,16.6,16.9002,11046.0
2019-07-26 05:30:00,AMEX:BDRY,16.7569,16.7569,16.5,16.595,43349.0
2019-07-29 05:30:00,AMEX:BDRY,16.1705,16.4659,16.1284,16.39,2511.0
2019-07-30 05:30:00,AMEX:BDRY,16.163,16.2864,16.15,16.1901,2833.0
2019-07-31 05:30:00,AMEX:BDRY,16.26,16.26,16.0101,16.12,1213.0
2019-08-01 05:30:00,AMEX:BDRY,15.9893,15.9893,15.935,15.935,2267.0
2019-08-02 05:30:00,AMEX:BDRY,15.4639,15.575,15.4639,15.575,1032.0
2019-08-05 05:30:00,AMEX:BDRY,14.84,14.86,14.62,14.68,17937.0
2019-08-06 05:30:00,AMEX:BDRY,15.02,15.8699,15.02,15.75,8223.0
2019-08-07 05:30:00,AMEX:BDRY,15.524,15.58,15.524,15.58,623.0
2019-08-08 05:30:00,AMEX:BDRY,15.9899,16.145,15.98,16.145,759.0
2019-08-09 05:30:00,AMEX:BDRY,16.936,17.0899,16.78,17.0804,1439.0
2019-08-12 05:30:00,AMEX:BDRY,17.09,17.195,17.07,17.195,2117.0
2019-08-13 05:30:00,AMEX:BDRY,18.0539,18.0539,17.8941,17.92,30369.0
2019-08-14 05:30:00,AMEX:BDRY,18.32,18.53,18.1927,18.3989,5456.0
2019-08-15 05:30:00,AMEX:BDRY,18.57,18.57,18.11,18.3205,18344.0
2019-08-16 05:30:00,AMEX:BDRY,18.3041,18.331,18.185,18.185,3019.0
2019-08-19 05:30:00,AMEX:BDRY,17.6037,17.7878,17.59,17.75,3768.0
2019-08-20 05:30:00,AMEX:BDRY,17.8853,18.095,17.8853,18.095,1874.0
2019-08-21 05:30:00,AMEX:BDRY,18.5009,18.9547,18.5009,18.925,6291.0
2019-08-22 05:30:00,AMEX:BDRY,19.63,19.64,19.4329,19.46,2875.0
2019-08-23 05:30:00,AMEX:BDRY,19.3893,19.71,19.3279,19.5306,5052.0
2019-08-26 05:30:00,AMEX:BDRY,19.607,19.63,19.515,19.55,3991.0
2019-08-27 05:30:00,AMEX:BDRY,20.24,20.63,20.24,20.44,6419.0
2019-08-28 05:30:00,AMEX:BDRY,20.43,20.5099,20.41,20.41,3649.0
2019-08-29 05:30:00,AMEX:BDRY,20.3357,20.5684,20.19,20.405,3833.0
2019-08-30 05:30:00,AMEX:BDRY,21.29,21.36,21.0701,21.135,5673.0
2019-09-03 05:30:00,AMEX:BDRY,22.11,22.11,21.4038,21.59,33577.0
2019-09-04 05:30:00,AMEX:BDRY,21.21,21.4099,20.9,21.067,11933.0
2019-09-05 05:30:00,AMEX:BDRY,20.85,20.85,20.46,20.59,19444.0
2019-09-06 05:30:00,AMEX:BDRY,20.53,20.5893,20.11,20.45,30997.0
2019-09-09 05:30:00,AMEX:BDRY,20.3901,20.3901,20.19,20.19,2131.0
2019-09-10 05:30:00,AMEX:BDRY,20.46,20.47,20.2,20.3377,2186.0
2019-09-11 05:30:00,AMEX:BDRY,20.5068,20.8114,20.4483,20.805,2411.0
2019-09-12 05:30:00,AMEX:BDRY,20.87,21.2285,20.8601,21.195,16931.0
2019-09-13 05:30:00,AMEX:BDRY,21.25,21.3,21.115,21.115,940.0
2019-09-16 05:30:00,AMEX:BDRY,21.15,21.2994,20.92,21.27,10058.0
2019-09-17 05:30:00,AMEX:BDRY,20.94,20.94,20.31,20.41,10436.0
2019-09-18 05:30:00,AMEX:BDRY,19.76,19.909,19.65,19.65,8583.0
2019-09-19 05:30:00,AMEX:BDRY,19.4099,19.515,19.18,19.515,3729.0
2019-09-20 05:30:00,AMEX:BDRY,20.1,20.1,19.9627,20.01,6292.0
2019-09-23 05:30:00,AMEX:BDRY,20.7,20.99,20.5,20.86,6246.0
2019-09-24 05:30:00,AMEX:BDRY,21.27,21.27,20.5,20.5706,4321.0
2019-09-25 05:30:00,AMEX:BDRY,20.17,20.17,19.52,19.52,2402.0
2019-09-26 05:30:00,AMEX:BDRY,19.16,19.16,18.6678,18.715,9155.0
2019-09-27 05:30:00,AMEX:BDRY,18.89,18.925,18.8059,18.925,3541.0
2019-09-30 05:30:00,AMEX:BDRY,19.61,19.76,19.6,19.71,5374.0
2019-10-01 05:30:00,AMEX:BDRY,19.83,19.875,19.83,19.875,325.0
2019-10-02 05:30:00,AMEX:BDRY,20.14,20.1901,20.1155,20.1155,1301.0
2019-10-03 05:30:00,AMEX:BDRY,19.3786,19.4191,19.3654,19.374,2280.0
2019-10-04 05:30:00,AMEX:BDRY,20.4424,20.4424,20.2473,20.405,1401.0
2019-10-07 05:30:00,AMEX:BDRY,20.5527,20.72,20.4575,20.64,8165.0
2019-10-08 05:30:00,AMEX:BDRY,21.25,21.5347,21.2401,21.49,2548.0
2019-10-09 05:30:00,AMEX:BDRY,22.0,22.1864,21.7201,21.9115,9174.0
2019-10-10 05:30:00,AMEX:BDRY,21.7875,21.8,21.495,21.495,1148.0
2019-10-11 05:30:00,AMEX:BDRY,21.3318,21.3318,20.7,21.195,2436.0
2019-10-14 05:30:00,AMEX:BDRY,20.89,20.93,20.63,20.91,3026.0
2019-10-15 05:30:00,AMEX:BDRY,20.5614,20.99,20.5614,20.885,4730.0
2019-10-16 05:30:00,AMEX:BDRY,20.53,20.53,20.075,20.075,3279.0
2019-10-17 05:30:00,AMEX:BDRY,20.125,20.2,20.05,20.2,1200.0
2019-10-18 05:30:00,AMEX:BDRY,20.61,20.61,20.415,20.48,1800.0
2019-10-21 05:30:00,AMEX:BDRY,20.06,20.06,19.41,19.49,8636.0
2019-10-22 05:30:00,AMEX:BDRY,19.03,19.0594,19.03,19.055,285.0
2019-10-23 05:30:00,AMEX:BDRY,18.97,19.295,18.97,19.295,2617.0
2019-10-24 05:30:00,AMEX:BDRY,19.932,19.95,19.84,19.84,305.0
2019-10-25 05:30:00,AMEX:BDRY,19.815,19.815,19.815,19.815,142.0
2019-10-28 05:30:00,AMEX:BDRY,20.0,20.0,19.785,19.785,207.0
2019-10-29 05:30:00,AMEX:BDRY,19.3599,19.4574,19.3599,19.42,1400.0
2019-10-30 05:30:00,AMEX:BDRY,19.09,19.09,18.48,18.545,2589.0
2019-10-31 05:30:00,AMEX:BDRY,18.04,18.06,18.0189,18.03,4050.0
2019-11-01 05:30:00,AMEX:BDRY,18.05,18.169,18.03,18.12,3096.0
2019-11-04 05:30:00,AMEX:BDRY,18.5008,18.6,18.05,18.05,2801.0
2019-11-05 05:30:00,AMEX:BDRY,17.87,17.87,17.6,17.6,588.0
2019-11-06 05:30:00,AMEX:BDRY,16.64,16.94,16.41,16.775,21327.0
2019-11-07 05:30:00,AMEX:BDRY,16.42,16.42,15.8607,16.3,4011.0
2019-11-08 05:30:00,AMEX:BDRY,16.3,16.3,16.1671,16.245,419.0
2019-11-11 05:30:00,AMEX:BDRY,16.63,16.7356,16.545,16.545,294.0
2019-11-12 05:30:00,AMEX:BDRY,16.975,16.975,16.975,16.975,48.0
2019-11-13 05:30:00,AMEX:BDRY,16.87,16.9246,16.62,16.71,1287.0
2019-11-14 05:30:00,AMEX:BDRY,16.4601,16.585,16.46,16.585,9393.0
2019-11-15 05:30:00,AMEX:BDRY,16.7888,16.7888,16.775,16.775,4062.0
2019-11-18 05:30:00,AMEX:BDRY,16.77,16.93,16.585,16.585,1359.0
2019-11-20 05:30:00,AMEX:BDRY,16.4093,16.53,16.39,16.53,1327.0
2019-11-21 05:30:00,AMEX:BDRY,16.53,16.675,16.53,16.675,5498.0
2019-11-22 05:30:00,AMEX:BDRY,17.095,17.095,17.095,17.095,174.0
2019-11-25 05:30:00,AMEX:BDRY,17.92,17.92,17.805,17.805,1050.0
2019-11-26 05:30:00,AMEX:BDRY,18.45,18.45,18.34,18.3615,8496.0
2019-11-27 05:30:00,AMEX:BDRY,18.1,18.1,18.055,18.055,308.0
2019-11-29 05:30:00,AMEX:BDRY,18.21,18.34,18.21,18.33,1925.0
2019-12-02 05:30:00,AMEX:BDRY,19.0556,19.1,19.0482,19.055,472.0
2019-12-03 05:30:00,AMEX:BDRY,18.35,18.35,18.2,18.315,816.0
2019-12-04 05:30:00,AMEX:BDRY,17.81,18.08,17.8,17.975,1422.0
2019-12-05 05:30:00,AMEX:BDRY,17.89,17.89,17.89,17.89,20.0
2019-12-06 05:30:00,AMEX:BDRY,18.14,18.205,18.1304,18.205,438.0
2019-12-09 05:30:00,AMEX:BDRY,17.98,17.98,17.83,17.9,430.0
2019-12-10 05:30:00,AMEX:BDRY,17.6,17.77,17.51,17.74,4573.0
2019-12-11 05:30:00,AMEX:BDRY,17.4,17.4,17.16,17.335,2546.0
2019-12-12 05:30:00,AMEX:BDRY,16.7219,16.84,16.7219,16.84,576.0
2019-12-13 05:30:00,AMEX:BDRY,16.84,16.995,16.84,16.995,963.0
2019-12-16 05:30:00,AMEX:BDRY,16.5,16.675,16.48,16.675,2108.0
2019-12-17 05:30:00,AMEX:BDRY,16.1983,16.1983,16.12,16.12,651.0
2019-12-18 05:30:00,AMEX:BDRY,15.75,15.75,15.52,15.685,791.0
2019-12-19 05:30:00,AMEX:BDRY,15.36,15.44,15.325,15.325,11554.0
2019-12-20 05:30:00,AMEX:BDRY,15.15,15.2545,15.15,15.225,1085.0
2019-12-23 05:30:00,AMEX:BDRY,15.23,15.335,15.23,15.335,322.0
2019-12-24 05:30:00,AMEX:BDRY,15.345,15.345,15.345,15.345,100.0
2019-12-26 05:30:00,AMEX:BDRY,15.3738,15.3738,15.3738,15.3738,160.0
2019-12-27 05:30:00,AMEX:BDRY,15.29,15.29,15.29,15.29,143.0
2019-12-30 05:30:00,AMEX:BDRY,15.1,15.1,15.0984,15.1,1210.0
2019-12-31 05:30:00,AMEX:BDRY,15.11,15.45,15.11,15.45,457.0
2020-01-02 05:30:00,AMEX:BDRY,14.95,14.95,13.861,13.9605,3966.0
2020-01-03 05:30:00,AMEX:BDRY,12.99,13.05,12.9807,13.05,8235.0
2020-01-06 05:30:00,AMEX:BDRY,11.9,11.94,11.9,11.92,3858.0
2020-01-07 05:30:00,AMEX:BDRY,11.99,11.99,11.895,11.895,3237.0
2020-01-08 05:30:00,AMEX:BDRY,13.3047,13.76,13.2,13.655,7670.0
2020-01-09 05:30:00,AMEX:BDRY,13.15,13.3599,13.15,13.31,3001.0
2020-01-10 05:30:00,AMEX:BDRY,13.81,13.85,13.75,13.845,2966.0
2020-01-13 05:30:00,AMEX:BDRY,12.98,13.0238,12.75,12.995,7020.0
2020-01-14 05:30:00,AMEX:BDRY,13.31,13.76,13.0,13.665,8678.0
2020-01-15 05:30:00,AMEX:BDRY,13.61,13.66,13.35,13.35,9055.0
2020-01-16 05:30:00,AMEX:BDRY,13.01,13.01,12.6201,12.63,5919.0
2020-01-17 05:30:00,AMEX:BDRY,12.39,12.39,12.0102,12.105,9193.0
2020-01-21 05:30:00,AMEX:BDRY,11.5,11.5,11.17,11.37,18765.0
2020-01-22 05:30:00,AMEX:BDRY,10.91,11.09,10.85,11.0315,30035.0
2020-01-23 05:30:00,AMEX:BDRY,11.03,11.09,11.03,11.045,21815.0
2020-01-24 05:30:00,AMEX:BDRY,11.21,11.23,11.0302,11.135,12277.0
2020-01-27 05:30:00,AMEX:BDRY,10.55,10.555,10.35,10.44,33754.0
2020-01-28 05:30:00,AMEX:BDRY,10.58,10.62,10.22,10.28,47769.0
2020-01-29 05:30:00,AMEX:BDRY,10.17,10.17,10.05,10.0853,11424.0
2020-01-30 05:30:00,AMEX:BDRY,10.04,10.04,9.5,9.55,48692.0
2020-01-31 05:30:00,AMEX:BDRY,9.85,9.9073,9.53,9.8195,18731.0
2020-02-03 05:30:00,AMEX:BDRY,9.84,10.24,9.12,9.293,47918.0
2020-02-04 05:30:00,AMEX:BDRY,9.21,9.5,9.2,9.35,44673.0
2020-02-05 05:30:00,AMEX:BDRY,9.4,9.67,9.4,9.55,40268.0
2020-02-06 05:30:00,AMEX:BDRY,9.49,10.04,9.25,9.45,173243.0
2020-02-07 05:30:00,AMEX:BDRY,9.25,9.29,9.19,9.225,54084.0
2020-02-10 05:30:00,AMEX:BDRY,9.25,9.25,8.632,8.8,81197.0
2020-02-11 05:30:00,AMEX:BDRY,9.1,9.42,9.1,9.3,64981.0
2020-02-12 05:30:00,AMEX:BDRY,9.47,10.02,9.4,9.4,156064.0
2020-02-13 05:30:00,AMEX:BDRY,9.09,9.2284,9.07,9.14,63653.0
2020-02-14 05:30:00,AMEX:BDRY,9.16,9.3,9.13,9.225,109222.0
2020-02-18 05:30:00,AMEX:BDRY,9.24,9.38,9.14,9.27,259531.0
2020-02-19 05:30:00,AMEX:BDRY,9.25,9.34,9.1,9.1,280261.0
2020-02-20 05:30:00,AMEX:BDRY,9.12,9.14,9.03,9.03,150761.0
2020-02-21 05:30:00,AMEX:BDRY,9.01,9.1,8.88,9.01,104852.0
2020-02-24 05:30:00,AMEX:BDRY,8.7,8.7,8.37,8.37,118588.0
2020-02-25 05:30:00,AMEX:BDRY,8.15,8.29,8.1,8.22,87882.0
2020-02-26 05:30:00,AMEX:BDRY,8.26,8.28,8.15,8.18,124308.0
2020-02-27 05:30:00,AMEX:BDRY,8.3,8.36,8.2,8.3,153093.0
2020-02-28 05:30:00,AMEX:BDRY,8.35,8.35,8.136,8.19,211615.0
2020-03-02 05:30:00,AMEX:BDRY,8.09,8.09,7.7,7.91,148018.0
2020-03-03 05:30:00,AMEX:BDRY,8.13,8.14,8.03,8.1,44510.0
2020-03-04 05:30:00,AMEX:BDRY,8.25,8.3499,8.18,8.31,138748.0
2020-03-05 05:30:00,AMEX:BDRY,8.51,8.6599,8.3627,8.37,92829.0
2020-03-06 05:30:00,AMEX:BDRY,8.45,8.45,8.2,8.25,81176.0
2020-03-09 05:30:00,AMEX:BDRY,7.74,7.79,7.41,7.5,74716.0
2020-03-10 05:30:00,AMEX:BDRY,7.87,7.93,7.7,7.81,40096.0
2020-03-11 05:30:00,AMEX:BDRY,7.5,7.62,7.4674,7.5,61974.0
2020-03-12 05:30:00,AMEX:BDRY,7.23,7.23,6.87,6.91,119194.0
2020-03-13 05:30:00,AMEX:BDRY,7.0,7.0,6.78,6.84,178130.0
2020-03-16 05:30:00,AMEX:BDRY,6.51,6.51,6.0,6.0,102819.0
2020-03-17 05:30:00,AMEX:BDRY,6.2,6.21,6.0,6.06,63585.0
2020-03-18 05:30:00,AMEX:BDRY,6.1,6.1,5.12,5.39,193274.0
2020-03-19 05:30:00,AMEX:BDRY,5.24,5.8896,5.17,5.56,133841.0
2020-03-20 05:30:00,AMEX:BDRY,5.5704,5.9,5.5704,5.82,31979.0
2020-03-23 05:30:00,AMEX:BDRY,5.53,5.78,5.41,5.74,22390.0
2020-03-24 05:30:00,AMEX:BDRY,5.9,5.9,5.32,5.37,57967.0
2020-03-25 05:30:00,AMEX:BDRY,5.25,5.25,5.01,5.03,61632.0
2020-03-26 05:30:00,AMEX:BDRY,5.06,5.47,5.01,5.39,160757.0
2020-03-27 05:30:00,AMEX:BDRY,5.57,5.65,5.31,5.4,94617.0
2020-03-30 05:30:00,AMEX:BDRY,5.4,5.86,5.4,5.805,160279.0
2020-03-31 05:30:00,AMEX:BDRY,6.35,7.04,6.01,6.39,305812.0
2020-04-01 05:30:00,AMEX:BDRY,6.39,6.5,6.26,6.29,61277.0
2020-04-02 05:30:00,AMEX:BDRY,6.73,6.73,6.21,6.38,51166.0
2020-04-03 05:30:00,AMEX:BDRY,6.46,6.46,6.195,6.24,24601.0
2020-04-06 05:30:00,AMEX:BDRY,6.26,6.26,6.1,6.1,28572.0
2020-04-07 05:30:00,AMEX:BDRY,6.22,6.3399,6.1,6.29,44007.0
2020-04-08 05:30:00,AMEX:BDRY,6.52,6.94,6.5,6.87,33365.0
2020-04-09 05:30:00,AMEX:BDRY,7.03,7.568,7.03,7.35,218833.0
2020-04-13 05:30:00,AMEX:BDRY,7.35,7.44,7.2,7.32,95768.0
2020-04-14 05:30:00,AMEX:BDRY,7.32,7.33,7.14,7.23,104282.0
2020-04-15 05:30:00,AMEX:BDRY,7.25,7.4,7.235,7.25,35968.0
2020-04-16 05:30:00,AMEX:BDRY,7.41,7.41,7.01,7.23,28721.0
2020-04-17 05:30:00,AMEX:BDRY,7.23,7.32,7.0,7.25,48765.0
2020-04-20 05:30:00,AMEX:BDRY,7.1,7.17,6.8,6.81,585049.0
2020-04-21 05:30:00,AMEX:BDRY,6.51,6.51,6.15,6.15,198733.0
2020-04-22 05:30:00,AMEX:BDRY,6.11,6.27,6.03,6.15,191450.0
2020-04-23 05:30:00,AMEX:BDRY,6.1,6.16,6.0,6.1099,40577.0
2020-04-24 05:30:00,AMEX:BDRY,6.11,6.15,6.02,6.02,25581.0
2020-04-27 05:30:00,AMEX:BDRY,6.0,6.2615,5.81,5.81,42243.0
2020-04-28 05:30:00,AMEX:BDRY,5.7,5.75,5.5,5.55,76610.0
2020-04-29 05:30:00,AMEX:BDRY,5.66,5.75,5.48,5.68,133159.0
2020-04-30 05:30:00,AMEX:BDRY,5.65,5.68,5.443,5.54,76433.0
2020-05-01 05:30:00,AMEX:BDRY,5.3,5.4999,5.3,5.35,45140.0
2020-05-04 05:30:00,AMEX:BDRY,5.36,5.36,5.05,5.1,75848.0
2020-05-05 05:30:00,AMEX:BDRY,5.05,5.05,4.7143,4.79,145175.0
2020-05-06 05:30:00,AMEX:BDRY,4.8,4.8,4.4,4.45,188919.0
2020-05-07 05:30:00,AMEX:BDRY,4.55,4.61,4.45,4.58,56585.0
2020-05-08 05:30:00,AMEX:BDRY,4.65,4.66,4.5,4.6,119015.0
2020-05-11 05:30:00,AMEX:BDRY,4.35,4.48,4.285,4.43,162388.0
2020-05-12 05:30:00,AMEX:BDRY,4.36,4.36,4.12,4.13,99990.0
2020-05-13 05:30:00,AMEX:BDRY,3.96,4.06,3.75,3.91,873861.0
2020-05-14 05:30:00,AMEX:BDRY,3.95,4.0999,3.95,4.0129,78192.0
2020-05-15 05:30:00,AMEX:BDRY,4.07,4.19,4.07,4.17,131298.0
2020-05-18 05:30:00,AMEX:BDRY,4.66,4.79,4.4,4.59,725965.0
2020-05-19 05:30:00,AMEX:BDRY,4.64,4.7,4.56,4.62,426979.0
2020-05-20 05:30:00,AMEX:BDRY,4.85,5.15,4.7,4.91,253297.0
2020-05-21 05:30:00,AMEX:BDRY,4.99,4.99,4.92,4.94,256260.0
2020-05-22 05:30:00,AMEX:BDRY,4.85,4.93,4.7,4.88,45725.0
2020-05-26 05:30:00,AMEX:BDRY,4.6,4.9,4.6,4.8,110829.0
2020-05-27 05:30:00,AMEX:BDRY,4.74,4.8,4.53,4.65,365763.0
2020-05-28 05:30:00,AMEX:BDRY,4.58,4.74,4.55,4.55,100618.0
2020-05-29 05:30:00,AMEX:BDRY,4.68,4.68,4.62,4.65,53179.0
2020-06-01 05:30:00,AMEX:BDRY,4.69,4.75,4.57,4.64,92422.0
2020-06-02 05:30:00,AMEX:BDRY,4.89,5.0,4.82,5.0,324330.0
2020-06-03 05:30:00,AMEX:BDRY,5.08,5.0999,4.96,5.03,305064.0
2020-06-04 05:30:00,AMEX:BDRY,5.03,5.135,5.0,5.05,144273.0
2020-06-05 05:30:00,AMEX:BDRY,5.44,5.5,5.24,5.45,340260.0
2020-06-08 05:30:00,AMEX:BDRY,5.45,5.52,5.33,5.51,207701.0
2020-06-09 05:30:00,AMEX:BDRY,5.08,5.42,5.08,5.27,284602.0
2020-06-10 05:30:00,AMEX:BDRY,5.36,5.873,5.36,5.78,231198.0
2020-06-11 05:30:00,AMEX:BDRY,6.1,6.2,5.65,5.78,506622.0
2020-06-12 05:30:00,AMEX:BDRY,6.0,6.36,6.0,6.36,312211.0
2020-06-15 05:30:00,AMEX:BDRY,6.19,6.5499,6.1572,6.42,332790.0
2020-06-16 05:30:00,AMEX:BDRY,6.99,7.4599,6.99,7.22,512934.0
2020-06-17 05:30:00,AMEX:BDRY,7.73,7.83,7.5,7.82,725373.0
2020-06-18 05:30:00,AMEX:BDRY,7.8,7.8699,7.23,7.26,504763.0
2020-06-19 05:30:00,AMEX:BDRY,7.35,7.4,7.17,7.275,230548.0
2020-06-22 05:30:00,AMEX:BDRY,7.61,7.65,7.39,7.43,267526.0
2020-06-23 05:30:00,AMEX:BDRY,7.87,8.24,7.85,8.18,343501.0
2020-06-24 05:30:00,AMEX:BDRY,8.0,8.0,7.37,7.44,398317.0
2020-06-25 05:30:00,AMEX:BDRY,7.47,7.6,7.001,7.24,487506.0
2020-06-26 05:30:00,AMEX:BDRY,7.24,7.69,7.21,7.61,228365.0
2020-06-29 05:30:00,AMEX:BDRY,7.51,7.7,7.51,7.56,210281.0
2020-06-30 05:30:00,AMEX:BDRY,7.43,7.45,7.25,7.39,168143.0
2020-07-01 05:30:00,AMEX:BDRY,7.27,7.46,7.17,7.2,286674.0
2020-07-02 05:30:00,AMEX:BDRY,7.73,8.18,7.63,8.05,527144.0
2020-07-06 05:30:00,AMEX:BDRY,9.18,9.4775,9.04,9.42,609756.0
2020-07-07 05:30:00,AMEX:BDRY,8.95,9.03,8.6,8.93,374774.0
2020-07-08 05:30:00,AMEX:BDRY,8.6,9.0,8.27,9.0,317153.0
2020-07-09 05:30:00,AMEX:BDRY,8.86,8.87,8.4001,8.75,170327.0
2020-07-10 05:30:00,AMEX:BDRY,8.75,8.8,8.31,8.49,243960.0
2020-07-13 05:30:00,AMEX:BDRY,8.37,8.4648,8.02,8.1,330007.0
2020-07-14 05:30:00,AMEX:BDRY,7.8,8.0,7.6,7.82,201119.0
2020-07-15 05:30:00,AMEX:BDRY,7.91,7.91,7.45,7.52,165524.0
2020-07-16 05:30:00,AMEX:BDRY,7.85,8.12,7.847,7.98,91370.0
2020-07-17 05:30:00,AMEX:BDRY,8.1,8.1,8.0,8.0,35635.0
2020-07-20 05:30:00,AMEX:BDRY,7.9,7.9,7.48,7.5,44736.0
2020-07-21 05:30:00,AMEX:BDRY,7.15,7.27,7.11,7.11,216400.0
2020-07-22 05:30:00,AMEX:BDRY,6.95,6.95,6.85,6.91,251951.0
2020-07-23 05:30:00,AMEX:BDRY,6.8,7.1999,6.64,7.15,225534.0
2020-07-24 05:30:00,AMEX:BDRY,7.38,7.48,7.155,7.39,166598.0
2020-07-27 05:30:00,AMEX:BDRY,7.49,7.59,7.33,7.55,155356.0
2020-07-28 05:30:00,AMEX:BDRY,7.8,8.039,7.8,7.9,188628.0
2020-07-29 05:30:00,AMEX:BDRY,8.4,8.6,8.4,8.51,141011.0
2020-07-30 05:30:00,AMEX:BDRY,8.43,8.505,8.08,8.19,212449.0
2020-07-31 05:30:00,AMEX:BDRY,8.52,8.52,7.98,8.15,78922.0
2020-08-03 05:30:00,AMEX:BDRY,8.63,8.63,8.35,8.42,109766.0
2020-08-04 05:30:00,AMEX:BDRY,8.63,8.79,8.6,8.69,58431.0
2020-08-05 05:30:00,AMEX:BDRY,8.52,8.6,8.35,8.51,266304.0
2020-08-06 05:30:00,AMEX:BDRY,9.0,9.0,8.69,8.8,66271.0
2020-08-07 05:30:00,AMEX:BDRY,8.83,8.83,8.48,8.5,35565.0
2020-08-10 05:30:00,AMEX:BDRY,8.53,8.75,8.53,8.61,97774.0
2020-08-11 05:30:00,AMEX:BDRY,8.91,9.34,8.91,9.32,244818.0
2020-08-12 05:30:00,AMEX:BDRY,9.18,9.2999,9.101,9.16,134285.0
2020-08-13 05:30:00,AMEX:BDRY,9.13,9.3999,9.02,9.02,81401.0
2020-08-14 05:30:00,AMEX:BDRY,9.09,9.09,8.85,8.85,33945.0
2020-08-17 05:30:00,AMEX:BDRY,8.8011,8.97,8.74,8.9,50121.0
2020-08-18 05:30:00,AMEX:BDRY,8.77,8.845,8.75,8.84,65254.0
2020-08-19 05:30:00,AMEX:BDRY,8.73,8.73,8.43,8.47,158638.0
2020-08-20 05:30:00,AMEX:BDRY,8.07,8.1682,7.91,8.05,179796.0
2020-08-21 05:30:00,AMEX:BDRY,8.05,8.15,8.05,8.11,40365.0
2020-08-24 05:30:00,AMEX:BDRY,9.0,9.0,8.58,8.66,45949.0
2020-08-25 05:30:00,AMEX:BDRY,8.77,8.88,8.76,8.76,90150.0
2020-08-26 05:30:00,AMEX:BDRY,8.75,8.95,8.75,8.79,33713.0
2020-08-27 05:30:00,AMEX:BDRY,8.77,8.9,8.75,8.77,39552.0
2020-08-28 05:30:00,AMEX:BDRY,8.85,8.99,8.65,8.77,121446.0
2020-08-31 05:30:00,AMEX:BDRY,8.85,8.85,8.5,8.52,47964.0
2020-09-01 05:30:00,AMEX:BDRY,8.5,8.5,8.13,8.13,87142.0
2020-09-02 05:30:00,AMEX:BDRY,8.0,8.1,7.79,7.82,112885.0
2020-09-03 05:30:00,AMEX:BDRY,7.77,7.77,7.3662,7.41,92046.0
2020-09-04 05:30:00,AMEX:BDRY,7.75,7.78,7.6,7.77,55138.0
2020-09-08 05:30:00,AMEX:BDRY,7.59,7.74,7.4,7.405,75222.0
2020-09-09 05:30:00,AMEX:BDRY,7.25,7.25,7.14,7.14,58098.0
2020-09-10 05:30:00,AMEX:BDRY,7.02,7.55,7.02,7.485,39895.0
2020-09-11 05:30:00,AMEX:BDRY,7.5,7.69,7.49,7.69,43394.0
2020-09-14 05:30:00,AMEX:BDRY,7.87,7.9,7.69,7.85,19314.0
2020-09-15 05:30:00,AMEX:BDRY,7.85,7.85,7.53,7.55,80869.0
2020-09-16 05:30:00,AMEX:BDRY,7.65,7.665,7.6,7.6,25254.0
2020-09-17 05:30:00,AMEX:BDRY,7.7,7.7,7.6,7.64,19530.0
2020-09-18 05:30:00,AMEX:BDRY,7.67,7.6999,7.5527,7.57,13466.0
2020-09-21 05:30:00,AMEX:BDRY,7.51,7.65,7.51,7.625,101802.0
2020-09-22 05:30:00,AMEX:BDRY,7.77,7.8273,7.65,7.68,33145.0
2020-09-23 05:30:00,AMEX:BDRY,8.0,8.11,8.0,8.11,48856.0
2020-09-24 05:30:00,AMEX:BDRY,8.45,8.45,8.2735,8.43,119179.0
2020-09-25 05:30:00,AMEX:BDRY,8.31,8.31,8.1,8.21,44511.0
2020-09-28 05:30:00,AMEX:BDRY,8.11,8.11,7.9403,8.09,66694.0
2020-09-29 05:30:00,AMEX:BDRY,8.15,8.31,8.13,8.2299,52050.0
2020-09-30 05:30:00,AMEX:BDRY,8.15,8.25,8.1,8.24,63186.0
2020-10-01 05:30:00,AMEX:BDRY,8.3,8.4,8.297,8.36,21172.0
2020-10-02 05:30:00,AMEX:BDRY,8.55,8.75,8.55,8.65,134250.0
2020-10-05 05:30:00,AMEX:BDRY,8.74,8.845,8.7,8.73,59279.0
2020-10-06 05:30:00,AMEX:BDRY,8.53,8.6799,8.51,8.52,110897.0
2020-10-07 05:30:00,AMEX:BDRY,8.39,8.39,8.13,8.16,68372.0
2020-10-08 05:30:00,AMEX:BDRY,8.1,8.16,8.06,8.13,79114.0
2020-10-09 05:30:00,AMEX:BDRY,8.04,8.085,7.86,7.88,54852.0
2020-10-12 05:30:00,AMEX:BDRY,7.9,7.99,7.9,7.95,37236.0
2020-10-13 05:30:00,AMEX:BDRY,7.9,7.95,7.9,7.94,59505.0
2020-10-14 05:30:00,AMEX:BDRY,7.7,7.7,7.46,7.4895,53537.0
2020-10-15 05:30:00,AMEX:BDRY,7.44,7.44,7.13,7.4,112105.0
2020-10-16 05:30:00,AMEX:BDRY,7.28,7.33,7.0,7.0,103117.0
2020-10-19 05:30:00,AMEX:BDRY,7.0,7.17,6.83,7.11,195634.0
2020-10-20 05:30:00,AMEX:BDRY,7.1,7.45,7.1,7.39,51237.0
2020-10-21 05:30:00,AMEX:BDRY,7.5,7.87,7.5,7.67,54823.0
2020-10-22 05:30:00,AMEX:BDRY,7.67,7.8,7.49,7.51,44234.0
2020-10-23 05:30:00,AMEX:BDRY,7.4,7.5,7.3335,7.39,10692.0
2020-10-26 05:30:00,AMEX:BDRY,7.09,7.29,7.09,7.18,141860.0
2020-10-27 05:30:00,AMEX:BDRY,7.395,7.46,7.12,7.12,33077.0
2020-10-28 05:30:00,AMEX:BDRY,7.03,7.095,6.85,6.86,33264.0
2020-10-29 05:30:00,AMEX:BDRY,6.8,6.8,6.5,6.5,81098.0
2020-10-30 05:30:00,AMEX:BDRY,6.7486,6.8199,6.63,6.77,71928.0
2020-11-02 05:30:00,AMEX:BDRY,6.67,6.71,6.5,6.52,22864.0
2020-11-03 05:30:00,AMEX:BDRY,6.63,6.63,6.31,6.56,28699.0
2020-11-04 05:30:00,AMEX:BDRY,6.55,6.55,6.35,6.36,27011.0
2020-11-05 05:30:00,AMEX:BDRY,6.29,6.69,6.29,6.54,44522.0
2020-11-06 05:30:00,AMEX:BDRY,6.6,6.88,6.56,6.8,26391.0
2020-11-09 05:30:00,AMEX:BDRY,7.03,7.05,6.92,7.01,57731.0
2020-11-10 05:30:00,AMEX:BDRY,6.9,6.9,6.65,6.67,77860.0
2020-11-11 05:30:00,AMEX:BDRY,6.35,6.4576,6.21,6.22,98895.0
2020-11-12 05:30:00,AMEX:BDRY,6.5,6.5,6.26,6.41,46664.0
2020-11-13 05:30:00,AMEX:BDRY,6.5,6.5,6.2318,6.31,63501.0
2020-11-16 05:30:00,AMEX:BDRY,6.51,6.51,6.25,6.28,14067.0
2020-11-17 05:30:00,AMEX:BDRY,6.48,6.48,6.25,6.25,24333.0
2020-11-18 05:30:00,AMEX:BDRY,6.45,6.47,6.336,6.37,14571.0
2020-11-19 05:30:00,AMEX:BDRY,6.4,6.71,6.4,6.6,93103.0
2020-11-20 05:30:00,AMEX:BDRY,6.54,6.72,6.54,6.61,13628.0
2020-11-23 05:30:00,AMEX:BDRY,6.55,6.8,6.5,6.61,43386.0
2020-11-24 05:30:00,AMEX:BDRY,6.63,6.66,6.3526,6.59,89820.0
2020-11-25 05:30:00,AMEX:BDRY,6.75,6.8,6.66,6.7,35364.0
2020-11-27 05:30:00,AMEX:BDRY,6.4,6.72,6.36,6.62,59036.0
2020-11-30 05:30:00,AMEX:BDRY,6.57,6.57,6.3701,6.42,39115.0
2020-12-01 05:30:00,AMEX:BDRY,6.42,6.455,6.35,6.41,22726.0
2020-12-02 05:30:00,AMEX:BDRY,6.25,6.25,6.1292,6.17,46527.0
2020-12-03 05:30:00,AMEX:BDRY,6.1,6.29,6.1,6.24,37872.0
2020-12-04 05:30:00,AMEX:BDRY,6.42,6.55,6.42,6.54,54246.0
2020-12-07 05:30:00,AMEX:BDRY,6.56,6.56,6.26,6.4,15576.0
2020-12-08 05:30:00,AMEX:BDRY,6.475,6.495,6.45,6.46,14370.0
2020-12-09 05:30:00,AMEX:BDRY,6.64,6.78,6.62,6.71,75777.0
2020-12-10 05:30:00,AMEX:BDRY,6.99,7.12,6.985,7.0442,50097.0
2020-12-11 05:30:00,AMEX:BDRY,7.1,7.2,7.09,7.18,54073.0
2020-12-14 05:30:00,AMEX:BDRY,7.27,7.56,7.27,7.3,83272.0
2020-12-15 05:30:00,AMEX:BDRY,7.3,7.3,7.27,7.3,42452.0
2020-12-16 05:30:00,AMEX:BDRY,7.26,7.28,7.03,7.09,42025.0
2020-12-17 05:30:00,AMEX:BDRY,7.21,7.47,7.21,7.41,68289.0
2020-12-18 05:30:00,AMEX:BDRY,7.41,7.525,7.36,7.46,39377.0
2020-12-21 05:30:00,AMEX:BDRY,7.39,7.5,7.25,7.27,57642.0
2020-12-22 05:30:00,AMEX:BDRY,7.44,7.55,7.44,7.5118,54156.0
2020-12-23 05:30:00,AMEX:BDRY,7.6,7.8,7.59,7.73,95687.0
2020-12-24 05:30:00,AMEX:BDRY,7.77,7.77,7.56,7.56,13158.0
2020-12-28 05:30:00,AMEX:BDRY,7.75,7.76,7.6,7.635,34554.0
2020-12-29 05:30:00,AMEX:BDRY,7.57,7.585,7.1101,7.2,132964.0
2020-12-30 05:30:00,AMEX:BDRY,7.44,7.6899,7.345,7.51,176864.0
2020-12-31 05:30:00,AMEX:BDRY,7.59,7.75,7.59,7.7,24698.0
2021-01-04 05:30:00,AMEX:BDRY,8.0,8.6,8.0,8.47,191702.0
2021-01-05 05:30:00,AMEX:BDRY,8.49,8.94,8.49,8.56,219878.0
2021-01-06 05:30:00,AMEX:BDRY,8.5,8.74,8.38,8.53,82955.0
2021-01-07 05:30:00,AMEX:BDRY,9.0,9.34,9.0,9.32,294466.0
2021-01-08 05:30:00,AMEX:BDRY,10.01,10.57,10.01,10.34,364887.0
2021-01-11 05:30:00,AMEX:BDRY,11.35,12.1,11.32,11.8,428142.0
2021-01-12 05:30:00,AMEX:BDRY,10.31,11.5,10.31,10.59,477230.0
2021-01-13 05:30:00,AMEX:BDRY,9.9,9.99,9.5094,9.96,308211.0
2021-01-14 05:30:00,AMEX:BDRY,10.39,10.54,10.1,10.47,111662.0
2021-01-15 05:30:00,AMEX:BDRY,11.5,11.5,11.0,11.04,128716.0
2021-01-19 05:30:00,AMEX:BDRY,11.13,11.2,10.55,10.71,158195.0
2021-01-20 05:30:00,AMEX:BDRY,10.71,10.85,10.71,10.8,43343.0
2021-01-21 05:30:00,AMEX:BDRY,10.84,11.5,10.84,11.33,182260.0
2021-01-22 05:30:00,AMEX:BDRY,11.04,11.06,10.72,11.0,133362.0
2021-01-25 05:30:00,AMEX:BDRY,10.68,10.71,10.31,10.7,94469.0
2021-01-26 05:30:00,AMEX:BDRY,10.17,10.17,9.5801,9.6,299407.0
2021-01-27 05:30:00,AMEX:BDRY,9.63,10.1,9.63,10.0225,130769.0
2021-01-28 05:30:00,AMEX:BDRY,10.0,10.0,9.571,9.76,59207.0
2021-01-29 05:30:00,AMEX:BDRY,9.86,10.53,9.86,10.34,116572.0
2021-02-01 05:30:00,AMEX:BDRY,10.46,10.46,10.0,10.19,38481.0
2021-02-02 05:30:00,AMEX:BDRY,9.37,9.37,9.2102,9.23,104478.0
2021-02-03 05:30:00,AMEX:BDRY,9.36,9.55,9.36,9.45,87742.0
2021-02-04 05:30:00,AMEX:BDRY,9.45,9.95,9.45,9.81,41167.0
2021-02-05 05:30:00,AMEX:BDRY,10.25,10.35,10.023,10.24,85206.0
2021-02-08 05:30:00,AMEX:BDRY,10.01,10.046,9.5744,9.79,85234.0
2021-02-09 05:30:00,AMEX:BDRY,10.21,10.3,9.981,10.1,63830.0
2021-02-10 05:30:00,AMEX:BDRY,10.55,10.84,10.55,10.75,83668.0
2021-02-11 05:30:00,AMEX:BDRY,10.74,11.55,10.575,11.55,131561.0
2021-02-12 05:30:00,AMEX:BDRY,12.06,12.755,12.06,12.43,368881.0
2021-02-16 05:30:00,AMEX:BDRY,14.97,16.19,14.92,15.82,517632.0
2021-02-17 05:30:00,AMEX:BDRY,17.25,17.35,15.9,16.66,352557.0
2021-02-18 05:30:00,AMEX:BDRY,13.91,14.0,13.0001,13.52,361242.0
2021-02-19 05:30:00,AMEX:BDRY,13.79,14.5,13.79,14.5,202545.0
2021-02-22 05:30:00,AMEX:BDRY,14.5,14.8,13.605,13.74,226688.0
2021-02-23 05:30:00,AMEX:BDRY,12.8,13.49,12.51,13.34,210703.0
2021-02-24 05:30:00,AMEX:BDRY,12.66,13.36,12.5101,13.17,147755.0
2021-02-25 05:30:00,AMEX:BDRY,13.17,13.64,13.04,13.31,118495.0
2021-02-26 05:30:00,AMEX:BDRY,13.43,13.43,12.661,12.71,98660.0
2021-03-01 05:30:00,AMEX:BDRY,13.0,13.35,12.97,13.02,49254.0
2021-03-02 05:30:00,AMEX:BDRY,14.34,14.9,14.14,14.89,238096.0
2021-03-03 05:30:00,AMEX:BDRY,15.5,15.5,14.89,15.28,217441.0
2021-03-04 05:30:00,AMEX:BDRY,15.63,15.63,14.75,15.26,178129.0
2021-03-05 05:30:00,AMEX:BDRY,16.0,16.35,15.59,16.25,293921.0
2021-03-08 05:30:00,AMEX:BDRY,16.66,16.66,16.45,16.5,404514.0
2021-03-09 05:30:00,AMEX:BDRY,16.58,16.66,15.51,16.33,415834.0
2021-03-10 05:30:00,AMEX:BDRY,15.7,15.8,15.25,15.32,291015.0
2021-03-11 05:30:00,AMEX:BDRY,16.34,16.388,15.61,16.2,110137.0
2021-03-12 05:30:00,AMEX:BDRY,16.35,16.6,16.15,16.59,103742.0
2021-03-15 05:30:00,AMEX:BDRY,17.46,17.9699,17.02,17.95,309760.0
2021-03-16 05:30:00,AMEX:BDRY,17.67,18.1899,17.5,18.0,350167.0
2021-03-17 05:30:00,AMEX:BDRY,18.59,19.54,18.54,19.5,330713.0
2021-03-18 05:30:00,AMEX:BDRY,20.81,20.84,19.72,20.33,682125.0
2021-03-19 05:30:00,AMEX:BDRY,20.4,20.7,19.3,19.57,420763.0
2021-03-22 05:30:00,AMEX:BDRY,19.8,19.8,18.87,19.06,250465.0
2021-03-23 05:30:00,AMEX:BDRY,17.8,17.8,16.61,16.7,531104.0
2021-03-24 05:30:00,AMEX:BDRY,16.78,17.455,15.74,17.24,467966.0
2021-03-25 05:30:00,AMEX:BDRY,18.79,19.43,18.07,19.3,446797.0
2021-03-26 05:30:00,AMEX:BDRY,19.0,19.0,18.21,18.42,229424.0
2021-03-29 05:30:00,AMEX:BDRY,17.88,17.88,16.6501,16.87,248421.0
2021-03-30 05:30:00,AMEX:BDRY,16.18,16.5,16.17,16.5,180238.0
2021-03-31 05:30:00,AMEX:BDRY,16.27,17.0,16.27,16.92,170981.0
2021-04-01 05:30:00,AMEX:BDRY,17.4,18.0199,17.33,17.93,185803.0
2021-04-05 05:30:00,AMEX:BDRY,18.14,18.27,17.68,18.21,677441.0
2021-04-06 05:30:00,AMEX:BDRY,18.07,18.1799,17.31,17.57,370320.0
2021-04-07 05:30:00,AMEX:BDRY,17.4,17.71,16.85,16.97,163655.0
2021-04-08 05:30:00,AMEX:BDRY,16.09,16.6899,15.57,16.53,357562.0
2021-04-09 05:30:00,AMEX:BDRY,16.84,17.59,16.8,17.52,142736.0
2021-04-12 05:30:00,AMEX:BDRY,18.01,18.3,17.9089,18.08,184668.0
2021-04-13 05:30:00,AMEX:BDRY,17.76,17.76,17.01,17.07,219302.0
2021-04-14 05:30:00,AMEX:BDRY,18.5,18.9,17.8501,18.79,334964.0
2021-04-15 05:30:00,AMEX:BDRY,19.49,20.4192,19.37,20.3,395304.0
2021-04-16 05:30:00,AMEX:BDRY,19.77,20.17,19.7,19.79,285880.0
2021-04-19 05:30:00,AMEX:BDRY,20.07,20.0999,19.9,20.0,234056.0
2021-04-20 05:30:00,AMEX:BDRY,20.1,20.48,20.03,20.45,281928.0
2021-04-21 05:30:00,AMEX:BDRY,21.25,22.15,21.25,21.88,571057.0
2021-04-22 05:30:00,AMEX:BDRY,21.11,21.11,20.31,20.47,289338.0
2021-04-23 05:30:00,AMEX:BDRY,20.99,21.372,20.85,20.92,180689.0
2021-04-26 05:30:00,AMEX:BDRY,21.67,21.69,21.2988,21.4,273605.0
2021-04-27 05:30:00,AMEX:BDRY,22.4,23.0,22.3364,22.98,566496.0
2021-04-28 05:30:00,AMEX:BDRY,23.248,23.56,22.84,23.52,625983.0
2021-04-29 05:30:00,AMEX:BDRY,23.85,24.1,23.6,24.01,481582.0
2021-04-30 05:30:00,AMEX:BDRY,24.03,24.7799,24.03,24.7,612981.0
2021-05-03 05:30:00,AMEX:BDRY,24.91,25.39,24.75,25.08,880578.0
2021-05-04 05:30:00,AMEX:BDRY,26.13,26.32,25.4526,26.21,1040588.0
2021-05-05 05:30:00,AMEX:BDRY,27.22,27.5,26.2,26.67,1619129.0
2021-05-06 05:30:00,AMEX:BDRY,24.89,24.92,23.29,23.56,1408371.0
2021-05-07 05:30:00,AMEX:BDRY,25.5,26.11,25.18,25.9,641372.0
2021-05-10 05:30:00,AMEX:BDRY,27.5,27.74,27.0508,27.59,1143177.0
2021-05-11 05:30:00,AMEX:BDRY,25.78,25.99,25.25,25.99,959464.0
2021-05-12 05:30:00,AMEX:BDRY,24.55,24.55,23.58,24.2,859077.0
2021-05-13 05:30:00,AMEX:BDRY,23.8,24.1998,23.6501,23.96,492584.0
2021-05-14 05:30:00,AMEX:BDRY,23.01,23.375,22.63,22.95,854346.0
2021-05-17 05:30:00,AMEX:BDRY,22.35,22.7,21.75,21.93,806625.0
2021-05-18 05:30:00,AMEX:BDRY,23.14,24.26,23.14,24.08,600101.0
2021-05-19 05:30:00,AMEX:BDRY,24.51,25.35,24.12,24.45,606852.0
2021-05-20 05:30:00,AMEX:BDRY,25.16,25.7499,25.015,25.62,463414.0
2021-05-21 05:30:00,AMEX:BDRY,26.4,26.87,26.1276,26.86,652311.0
2021-05-24 05:30:00,AMEX:BDRY,25.58,25.58,24.55,25.24,790073.0
2021-05-25 05:30:00,AMEX:BDRY,24.31,24.6376,23.83,23.96,768001.0
2021-05-26 05:30:00,AMEX:BDRY,23.07,24.48,22.9,23.96,597069.0
2021-05-27 05:30:00,AMEX:BDRY,23.82,24.0,23.51,23.92,242191.0
2021-05-28 05:30:00,AMEX:BDRY,23.06,23.4312,23.0,23.0,383025.0
2021-06-01 05:30:00,AMEX:BDRY,24.0,24.3699,23.78,23.85,282685.0
2021-06-02 05:30:00,AMEX:BDRY,23.3,23.5,22.45,22.58,595475.0
2021-06-03 05:30:00,AMEX:BDRY,22.55,22.99,22.44,22.71,320310.0
2021-06-04 05:30:00,AMEX:BDRY,23.18,23.69,22.93,23.5,291828.0
2021-06-07 05:30:00,AMEX:BDRY,23.01,23.06,22.3405,22.66,436663.0
2021-06-08 05:30:00,AMEX:BDRY,23.0,23.18,22.9,23.11,445951.0
2021-06-09 05:30:00,AMEX:BDRY,24.5,25.209,24.46,24.99,700153.0
2021-06-10 05:30:00,AMEX:BDRY,26.25,27.24,26.25,27.05,577486.0
2021-06-11 05:30:00,AMEX:BDRY,27.75,28.0,27.505,27.82,481722.0
2021-06-14 05:30:00,AMEX:BDRY,27.83,27.83,26.93,27.0,439287.0
2021-06-15 05:30:00,AMEX:BDRY,28.18,29.33,28.1001,28.99,563827.0
2021-06-16 05:30:00,AMEX:BDRY,29.95,30.2,29.2726,30.14,531677.0
2021-06-17 05:30:00,AMEX:BDRY,29.07,29.07,28.02,28.07,559187.0
2021-06-18 05:30:00,AMEX:BDRY,26.54,27.31,26.5,27.07,420993.0
2021-06-21 05:30:00,AMEX:BDRY,26.45,26.6,26.0,26.56,242247.0
2021-06-22 05:30:00,AMEX:BDRY,26.25,27.1,26.01,27.05,328309.0
2021-06-23 05:30:00,AMEX:BDRY,28.03,28.25,27.78,27.88,305784.0
2021-06-24 05:30:00,AMEX:BDRY,28.5,28.8599,28.4783,28.84,486257.0
2021-06-25 05:30:00,AMEX:BDRY,29.49,29.99,29.49,29.96,471996.0
2021-06-28 05:30:00,AMEX:BDRY,29.96,29.96,28.82,28.93,431770.0
2021-06-29 05:30:00,AMEX:BDRY,28.59,29.12,28.5,28.82,382927.0
2021-06-30 05:30:00,AMEX:BDRY,28.5,29.383,28.25,29.35,211537.0
2021-07-01 05:30:00,AMEX:BDRY,27.97,28.08,27.0,27.32,399421.0
2021-07-02 05:30:00,AMEX:BDRY,27.0,27.07,26.43,26.87,273984.0
2021-07-06 05:30:00,AMEX:BDRY,25.35,25.5,25.03,25.26,849118.0
2021-07-07 05:30:00,AMEX:BDRY,27.5,27.6965,26.8317,26.92,459450.0
2021-07-08 05:30:00,AMEX:BDRY,26.69,26.707,26.0001,26.34,164794.0
2021-07-09 05:30:00,AMEX:BDRY,26.91,27.06,26.6201,26.79,240126.0
2021-07-12 05:30:00,AMEX:BDRY,26.09,26.1962,25.221,25.34,288447.0
2021-07-13 05:30:00,AMEX:BDRY,23.78,24.67,23.63,24.49,535491.0
2021-07-14 05:30:00,AMEX:BDRY,23.5,23.5,23.0,23.15,649762.0
2021-07-15 05:30:00,AMEX:BDRY,24.15,24.81,24.15,24.45,259169.0
2021-07-16 05:30:00,AMEX:BDRY,24.6,24.8999,24.5,24.51,184272.0
2021-07-19 05:30:00,AMEX:BDRY,25.75,26.0,25.2302,25.33,425079.0
2021-07-20 05:30:00,AMEX:BDRY,25.87,25.92,25.31,25.48,146276.0
2021-07-21 05:30:00,AMEX:BDRY,26.3,26.45,25.91,26.1,173164.0
2021-07-22 05:30:00,AMEX:BDRY,26.46,26.58,26.1201,26.58,161947.0
2021-07-23 05:30:00,AMEX:BDRY,27.0,27.118,26.9,27.09,96476.0
2021-07-26 05:30:00,AMEX:BDRY,26.39,26.39,25.29,25.63,310473.0
2021-07-27 05:30:00,AMEX:BDRY,24.5,24.63,24.2575,24.63,179538.0
2021-07-28 05:30:00,AMEX:BDRY,25.1,25.49,25.01,25.49,102881.0
2021-07-29 05:30:00,AMEX:BDRY,25.94,26.7985,25.94,26.65,204715.0
2021-07-30 05:30:00,AMEX:BDRY,26.45,26.56,25.76,25.8,185589.0
2021-08-02 05:30:00,AMEX:BDRY,26.49,26.7765,26.3701,26.55,78841.0
2021-08-03 05:30:00,AMEX:BDRY,26.61,26.83,26.48,26.63,109203.0
2021-08-04 05:30:00,AMEX:BDRY,27.03,27.5,27.03,27.19,150118.0
2021-08-05 05:30:00,AMEX:BDRY,27.22,27.22,26.6226,26.73,95334.0
2021-08-06 05:30:00,AMEX:BDRY,26.69,26.69,26.38,26.6,46497.0
2021-08-09 05:30:00,AMEX:BDRY,26.81,26.81,26.33,26.42,122681.0
2021-08-10 05:30:00,AMEX:BDRY,27.0,27.13,26.8415,27.01,78396.0
2021-08-11 05:30:00,AMEX:BDRY,27.5,27.8799,27.5,27.77,129360.0
2021-08-12 05:30:00,AMEX:BDRY,28.03,28.49,28.01,28.25,164250.0
2021-08-13 05:30:00,AMEX:BDRY,28.1,28.46,27.91,27.97,109692.0
2021-08-16 05:30:00,AMEX:BDRY,28.36,28.89,28.36,28.78,170408.0
2021-08-17 05:30:00,AMEX:BDRY,29.04,29.59,29.04,29.21,389843.0
2021-08-18 05:30:00,AMEX:BDRY,30.02,30.131,29.6,29.6,191791.0
2021-08-19 05:30:00,AMEX:BDRY,29.53,29.6997,29.22,29.27,213379.0
2021-08-20 05:30:00,AMEX:BDRY,29.66,29.9999,29.65,29.98,112073.0
2021-08-23 05:30:00,AMEX:BDRY,30.42,30.43,30.15,30.33,148092.0
2021-08-24 05:30:00,AMEX:BDRY,30.62,30.62,30.06,30.37,179065.0
2021-08-25 05:30:00,AMEX:BDRY,29.49,29.65,29.31,29.4,201880.0
2021-08-26 05:30:00,AMEX:BDRY,30.29,30.7999,30.24,30.74,105758.0
2021-08-27 05:30:00,AMEX:BDRY,30.28,30.28,29.82,30.0,103389.0
2021-08-30 05:30:00,AMEX:BDRY,30.03,30.03,29.82,29.94,103902.0
2021-08-31 05:30:00,AMEX:BDRY,28.6,28.6,28.17,28.33,279627.0
2021-09-01 05:30:00,AMEX:BDRY,27.94,28.08,27.631,27.73,198684.0
2021-09-02 05:30:00,AMEX:BDRY,28.27,28.52,28.055,28.26,132839.0
2021-09-03 05:30:00,AMEX:BDRY,27.5,27.5,27.2631,27.36,171875.0
2021-09-07 05:30:00,AMEX:BDRY,27.1,27.1,26.69,26.9,227133.0
2021-09-08 05:30:00,AMEX:BDRY,27.48,27.94,27.48,27.67,127234.0
2021-09-09 05:30:00,AMEX:BDRY,28.48,29.5,28.48,29.35,386412.0
2021-09-10 05:30:00,AMEX:BDRY,29.79,30.1785,29.79,30.12,356938.0
2021-09-13 05:30:00,AMEX:BDRY,30.81,31.0,30.75,30.83,284193.0
2021-09-14 05:30:00,AMEX:BDRY,29.88,30.0499,29.61,29.88,226381.0
2021-09-15 05:30:00,AMEX:BDRY,30.12,30.2,29.61,30.2,105838.0
2021-09-16 05:30:00,AMEX:BDRY,30.59,30.84,30.45,30.65,84464.0
2021-09-17 05:30:00,AMEX:BDRY,30.62,30.94,30.61,30.73,167466.0
2021-09-20 05:30:00,AMEX:BDRY,29.36,29.65,28.8701,28.9,546608.0
2021-09-21 05:30:00,AMEX:BDRY,30.92,31.0,30.7547,30.9,241715.0
2021-09-22 05:30:00,AMEX:BDRY,30.78,31.0,30.45,30.74,130604.0
2021-09-23 05:30:00,AMEX:BDRY,31.99,32.109,31.68,31.86,192784.0
2021-09-24 05:30:00,AMEX:BDRY,32.0,32.57,32.0,32.48,229207.0
2021-09-27 05:30:00,AMEX:BDRY,33.65,34.45,33.65,34.35,414638.0
2021-09-28 05:30:00,AMEX:BDRY,36.74,36.74,35.88,36.57,602858.0
2021-09-29 05:30:00,AMEX:BDRY,36.0,36.38,35.305,35.68,550084.0
2021-09-30 05:30:00,AMEX:BDRY,35.4,36.16,34.9401,36.01,244109.0
2021-10-01 05:30:00,AMEX:BDRY,36.25,36.95,36.25,36.9,221905.0
2021-10-04 05:30:00,AMEX:BDRY,37.59,37.819,37.13,37.77,295788.0
2021-10-05 05:30:00,AMEX:BDRY,41.28,41.46,40.7601,41.25,406975.0
2021-10-06 05:30:00,AMEX:BDRY,42.03,42.2199,40.48,41.51,506918.0
2021-10-07 05:30:00,AMEX:BDRY,39.3,39.3,38.1201,38.84,554204.0
2021-10-08 05:30:00,AMEX:BDRY,38.86,39.328,38.718,39.23,264829.0
2021-10-11 05:30:00,AMEX:BDRY,40.64,41.2066,40.3001,40.96,420029.0
2021-10-12 05:30:00,AMEX:BDRY,38.17,38.42,37.45,37.63,556803.0
2021-10-13 05:30:00,AMEX:BDRY,36.76,37.1526,36.61,36.89,667753.0
2021-10-14 05:30:00,AMEX:BDRY,37.33,37.74,37.1308,37.28,184639.0
2021-10-15 05:30:00,AMEX:BDRY,35.78,35.97,35.15,35.3,709549.0
2021-10-18 05:30:00,AMEX:BDRY,35.88,37.2999,35.88,37.29,153407.0
2021-10-19 05:30:00,AMEX:BDRY,38.81,39.0599,38.33,38.48,404116.0
2021-10-20 05:30:00,AMEX:BDRY,38.7,38.7,36.65,37.31,343451.0
2021-10-21 05:30:00,AMEX:BDRY,34.89,34.95,33.92,34.57,426293.0
2021-10-22 05:30:00,AMEX:BDRY,32.73,33.0699,31.9,32.2,564279.0
2021-10-25 05:30:00,AMEX:BDRY,32.38,32.3848,30.6,30.61,785048.0
2021-10-26 05:30:00,AMEX:BDRY,27.92,28.0,27.28,27.76,779161.0
2021-10-27 05:30:00,AMEX:BDRY,28.03,29.48,27.9185,29.48,277896.0
2021-10-28 05:30:00,AMEX:BDRY,29.9,30.37,29.4197,30.37,226556.0
2021-10-29 05:30:00,AMEX:BDRY,30.98,30.98,30.04,30.04,236419.0
2021-11-01 05:30:00,AMEX:BDRY,27.89,27.9,25.752,26.4,418237.0
2021-11-02 05:30:00,AMEX:BDRY,23.5,23.8,22.35,22.88,568514.0
2021-11-03 05:30:00,AMEX:BDRY,22.06,22.1995,20.75,20.82,416280.0
2021-11-04 05:30:00,AMEX:BDRY,22.27,23.07,22.27,23.07,497655.0
2021-11-05 05:30:00,AMEX:BDRY,23.53,23.53,22.8,23.05,245781.0
2021-11-08 05:30:00,AMEX:BDRY,24.34,25.1699,24.34,25.16,316927.0
2021-11-09 05:30:00,AMEX:BDRY,25.06,25.06,23.53,24.22,498077.0
2021-11-10 05:30:00,AMEX:BDRY,23.05,23.108,22.18,22.7,412531.0
2021-11-11 05:30:00,AMEX:BDRY,22.27,22.3307,21.5001,21.94,253626.0
2021-11-12 05:30:00,AMEX:BDRY,21.79,22.788,21.79,22.63,218108.0
2021-11-15 05:30:00,AMEX:BDRY,21.6,21.9813,21.2,21.67,244698.0
2021-11-16 05:30:00,AMEX:BDRY,19.23,20.13,19.12,19.65,850818.0
2021-11-17 05:30:00,AMEX:BDRY,19.8,20.7433,19.71,20.45,201592.0
2021-11-18 05:30:00,AMEX:BDRY,21.89,22.25,21.5,22.23,203349.0
2021-11-19 05:30:00,AMEX:BDRY,23.87,24.8699,23.68,24.79,371820.0
2021-11-22 05:30:00,AMEX:BDRY,25.63,25.75,24.51,24.89,368726.0
2021-11-23 05:30:00,AMEX:BDRY,23.68,23.79,23.09,23.39,252936.0
2021-11-24 05:30:00,AMEX:BDRY,24.11,25.26,24.03,25.2,329016.0
2021-11-26 05:30:00,AMEX:BDRY,24.93,25.9,24.57,24.73,487545.0
2021-11-29 05:30:00,AMEX:BDRY,26.26,27.08,26.08,26.96,320325.0
2021-11-30 05:30:00,AMEX:BDRY,27.5,27.69,26.2901,26.65,240027.0
2021-12-01 05:30:00,AMEX:BDRY,27.0,28.13,27.0,27.79,157594.0
2021-12-02 05:30:00,AMEX:BDRY,28.3,29.0,28.2459,28.72,277593.0
2021-12-03 05:30:00,AMEX:BDRY,29.28,29.8,29.28,29.59,169475.0
2021-12-06 05:30:00,AMEX:BDRY,30.0,30.2381,29.5,29.6,289845.0
2021-12-07 05:30:00,AMEX:BDRY,29.75,30.455,29.5,30.44,299965.0
2021-12-08 05:30:00,AMEX:BDRY,28.64,28.94,28.15,28.46,331678.0
2021-12-09 05:30:00,AMEX:BDRY,26.51,27.5,26.41,27.17,675150.0
2021-12-10 05:30:00,AMEX:BDRY,27.89,28.5209,27.52,28.14,232292.0
2021-12-13 05:30:00,AMEX:BDRY,28.15,28.3999,27.72,27.83,69336.0
2021-12-14 05:30:00,AMEX:BDRY,25.66,25.7,23.61,23.61,593870.0
2021-12-15 05:30:00,AMEX:BDRY,24.29,24.79,23.81,24.79,68196.0
2021-12-16 05:30:00,AMEX:BDRY,24.24,24.54,24.1201,24.28,89712.0
2021-12-17 05:30:00,AMEX:BDRY,23.97,24.26,23.81,23.95,58298.0
2021-12-20 05:30:00,AMEX:BDRY,24.91,25.7886,24.8582,25.72,195396.0
2021-12-21 05:30:00,AMEX:BDRY,25.56,25.7148,24.9788,25.04,176628.0
2021-12-22 05:30:00,AMEX:BDRY,26.03,26.3796,25.8901,26.27,90599.0
2021-12-23 05:30:00,AMEX:BDRY,26.25,26.88,26.25,26.77,99300.0
2021-12-27 05:30:00,AMEX:BDRY,26.83,26.83,26.42,26.7,93228.0
2021-12-28 05:30:00,AMEX:BDRY,26.49,26.71,26.37,26.49,58116.0
2021-12-29 05:30:00,AMEX:BDRY,28.06,28.34,27.9166,28.25,103797.0
2021-12-30 05:30:00,AMEX:BDRY,29.02,29.85,29.02,29.6,149968.0
2021-12-31 05:30:00,AMEX:BDRY,29.79,29.79,29.38,29.49,63099.0
2022-01-03 05:30:00,AMEX:BDRY,29.6,29.67,29.0301,29.22,145684.0
2022-01-04 05:30:00,AMEX:BDRY,27.67,27.76,26.51,26.84,169964.0
2022-01-05 05:30:00,AMEX:BDRY,27.0,27.0,26.0,26.22,149271.0
2022-01-06 05:30:00,AMEX:BDRY,26.22,26.57,25.791,26.48,68179.0
2022-01-07 05:30:00,AMEX:BDRY,27.14,27.47,26.5,26.86,70382.0
2022-01-10 05:30:00,AMEX:BDRY,25.0,25.265,23.75,24.08,183324.0
2022-01-11 05:30:00,AMEX:BDRY,23.73,24.87,23.31,24.7,137238.0
2022-01-12 05:30:00,AMEX:BDRY,23.32,23.6199,23.232,23.5,197630.0
2022-01-13 05:30:00,AMEX:BDRY,22.4,22.84,22.11,22.36,164409.0
2022-01-14 05:30:00,AMEX:BDRY,22.58,23.399,22.58,23.19,81810.0
2022-01-18 05:30:00,AMEX:BDRY,21.25,21.25,20.46,21.0,386279.0
2022-01-19 05:30:00,AMEX:BDRY,19.68,19.98,19.2899,19.91,252804.0
2022-01-20 05:30:00,AMEX:BDRY,21.04,21.8899,21.025,21.53,307637.0
2022-01-21 05:30:00,AMEX:BDRY,20.54,20.7999,20.0,20.11,169319.0
2022-01-24 05:30:00,AMEX:BDRY,20.63,21.23,20.6285,21.08,160991.0
2022-01-25 05:30:00,AMEX:BDRY,19.74,19.99,19.4,19.94,126193.0
2022-01-26 05:30:00,AMEX:BDRY,19.66,19.82,19.3,19.64,221882.0
2022-01-27 05:30:00,AMEX:BDRY,20.57,20.93,20.32,20.5,292830.0
2022-01-28 05:30:00,AMEX:BDRY,22.4,22.72,21.93,22.01,224348.0
2022-01-31 05:30:00,AMEX:BDRY,21.63,22.12,21.5552,21.94,131996.0
2022-02-01 05:30:00,AMEX:BDRY,21.75,21.9399,21.0015,21.5,186050.0
2022-02-02 05:30:00,AMEX:BDRY,21.72,22.49,21.7,22.29,342498.0
2022-02-03 05:30:00,AMEX:BDRY,21.69,21.84,21.45,21.83,153227.0
2022-02-04 05:30:00,AMEX:BDRY,21.66,21.89,21.5,21.7,88235.0
2022-02-07 05:30:00,AMEX:BDRY,21.25,21.88,21.11,21.78,134853.0
2022-02-08 05:30:00,AMEX:BDRY,22.38,22.88,22.35,22.78,76586.0
2022-02-09 05:30:00,AMEX:BDRY,24.75,25.02,24.52,24.85,562740.0
2022-02-10 05:30:00,AMEX:BDRY,25.17,25.49,24.2,25.43,274869.0
2022-02-11 05:30:00,AMEX:BDRY,24.4,24.88,24.25,24.73,339184.0
2022-02-14 05:30:00,AMEX:BDRY,23.49,23.49,22.7,22.78,307978.0
2022-02-15 05:30:00,AMEX:BDRY,22.85,22.92,22.55,22.66,144081.0
2022-02-16 05:30:00,AMEX:BDRY,22.25,22.338,22.0115,22.17,71169.0
2022-02-17 05:30:00,AMEX:BDRY,22.81,23.778,22.81,23.53,155354.0
2022-02-18 05:30:00,AMEX:BDRY,23.8,24.16,23.5,23.57,175903.0
2022-02-22 05:30:00,AMEX:BDRY,24.5,24.76,23.5954,23.86,112519.0
2022-02-23 05:30:00,AMEX:BDRY,25.03,25.19,24.7,24.94,187479.0
2022-02-24 05:30:00,AMEX:BDRY,22.7,23.0,22.32,22.62,368780.0
2022-02-25 05:30:00,AMEX:BDRY,22.7,22.89,22.4201,22.61,141085.0
2022-02-28 05:30:00,AMEX:BDRY,21.58,21.62,21.2,21.43,195859.0
2022-03-01 05:30:00,AMEX:BDRY,23.31,23.88,23.09,23.88,232839.0
2022-03-02 05:30:00,AMEX:BDRY,23.76,24.0,23.34,23.67,203233.0
2022-03-03 05:30:00,AMEX:BDRY,23.7,23.78,23.51,23.58,69241.0
2022-03-04 05:30:00,AMEX:BDRY,24.67,25.26,24.67,24.9,219293.0
2022-03-07 05:30:00,AMEX:BDRY,26.0,26.43,25.97,26.28,216252.0
2022-03-08 05:30:00,AMEX:BDRY,26.51,27.0,26.45,26.83,422130.0
2022-03-09 05:30:00,AMEX:BDRY,27.9,28.2,27.62,27.84,378333.0
2022-03-10 05:30:00,AMEX:BDRY,27.35,27.62,27.06,27.57,532487.0
2022-03-11 05:30:00,AMEX:BDRY,27.39,27.39,26.9097,27.05,429321.0
2022-03-14 05:30:00,AMEX:BDRY,25.31,25.55,24.65,24.7,406015.0
2022-03-15 05:30:00,AMEX:BDRY,24.22,24.22,23.54,23.73,684585.0
2022-03-16 05:30:00,AMEX:BDRY,24.63,25.56,24.42,25.54,218189.0
2022-03-17 05:30:00,AMEX:BDRY,25.99,26.5,25.83,26.04,471335.0
2022-03-18 05:30:00,AMEX:BDRY,26.18,26.4699,25.86,26.35,180763.0
2022-03-21 05:30:00,AMEX:BDRY,26.06,26.3,25.63,25.76,60485.0
2022-03-22 05:30:00,AMEX:BDRY,25.15,25.49,25.021,25.05,163304.0
2022-03-23 05:30:00,AMEX:BDRY,25.67,25.96,25.535,25.95,166696.0
2022-03-24 05:30:00,AMEX:BDRY,25.22,25.4,24.82,24.88,177527.0
2022-03-25 05:30:00,AMEX:BDRY,24.54,24.66,24.34,24.39,83358.0
2022-03-28 05:30:00,AMEX:BDRY,23.78,23.96,23.55,23.77,181926.0
2022-03-29 05:30:00,AMEX:BDRY,23.46,24.46,23.1,24.26,318798.0
2022-03-30 05:30:00,AMEX:BDRY,24.25,25.1,24.25,25.01,1208031.0
2022-03-31 05:30:00,AMEX:BDRY,24.2,24.98,23.88,24.18,648285.0
2022-04-01 05:30:00,AMEX:BDRY,23.93,23.9799,23.75,23.96,125086.0
2022-04-04 05:30:00,AMEX:BDRY,23.0,23.0,22.31,22.4,553901.0
2022-04-05 05:30:00,AMEX:BDRY,21.76,22.0883,21.41,21.77,1346450.0
2022-04-06 05:30:00,AMEX:BDRY,21.0,21.0,20.51,20.62,600015.0
2022-04-07 05:30:00,AMEX:BDRY,21.07,21.7,21.07,21.66,160359.0
2022-04-08 05:30:00,AMEX:BDRY,22.06,22.58,22.06,22.45,174057.0
2022-04-11 05:30:00,AMEX:BDRY,21.08,21.14,20.82,21.0,233894.0
2022-04-12 05:30:00,AMEX:BDRY,21.2,21.44,21.0,21.28,142250.0
2022-04-13 05:30:00,AMEX:BDRY,21.27,21.43,21.04,21.24,130964.0
2022-04-14 05:30:00,AMEX:BDRY,21.75,22.17,21.75,22.16,349501.0
2022-04-18 05:30:00,AMEX:BDRY,21.83,22.25,21.78,22.22,128452.0
2022-04-19 05:30:00,AMEX:BDRY,21.67,21.79,20.94,21.23,284340.0
2022-04-20 05:30:00,AMEX:BDRY,20.48,20.5262,20.055,20.29,257815.0
2022-04-21 05:30:00,AMEX:BDRY,21.37,21.84,21.36,21.74,183464.0
2022-04-22 05:30:00,AMEX:BDRY,22.0,22.4,22.0,22.31,178685.0
2022-04-25 05:30:00,AMEX:BDRY,21.52,21.65,20.8584,20.92,190541.0
2022-04-26 05:30:00,AMEX:BDRY,21.0,21.03,20.5,20.74,189467.0
2022-04-27 05:30:00,AMEX:BDRY,21.0,21.68,21.0,21.55,178180.0
2022-04-28 05:30:00,AMEX:BDRY,21.18,21.22,20.88,21.01,69929.0
2022-04-29 05:30:00,AMEX:BDRY,21.38,21.58,21.3301,21.48,38468.0
2022-05-02 05:30:00,AMEX:BDRY,21.46,21.57,21.232,21.49,82533.0
2022-05-03 05:30:00,AMEX:BDRY,21.63,22.16,21.63,22.12,106990.0
2022-05-04 05:30:00,AMEX:BDRY,22.93,23.38,22.9046,23.29,143555.0
2022-05-05 05:30:00,AMEX:BDRY,24.03,24.38,23.36,23.69,135544.0
2022-05-06 05:30:00,AMEX:BDRY,23.21,23.9,23.13,23.75,142986.0
2022-05-09 05:30:00,AMEX:BDRY,24.08,24.2,23.81,23.88,246471.0
2022-05-10 05:30:00,AMEX:BDRY,23.61,23.75,23.2,23.39,89784.0
2022-05-11 05:30:00,AMEX:BDRY,23.94,24.18,23.76,23.9,201151.0
2022-05-12 05:30:00,AMEX:BDRY,23.23,23.39,22.9901,23.19,222491.0
2022-05-13 05:30:00,AMEX:BDRY,23.18,23.18,22.78,23.12,118865.0
2022-05-16 05:30:00,AMEX:BDRY,23.39,23.63,23.18,23.34,96183.0
2022-05-17 05:30:00,AMEX:BDRY,24.4,24.76,24.4,24.63,90387.0
2022-05-18 05:30:00,AMEX:BDRY,25.73,26.07,25.02,25.78,490373.0
2022-05-19 05:30:00,AMEX:BDRY,24.94,25.21,24.78,24.97,259052.0
2022-05-20 05:30:00,AMEX:BDRY,24.99,25.49,24.17,25.42,212033.0
2022-05-23 05:30:00,AMEX:BDRY,24.5,24.77,24.18,24.6,160005.0
2022-05-24 05:30:00,AMEX:BDRY,23.26,23.55,23.18,23.39,57039.0
2022-05-25 05:30:00,AMEX:BDRY,22.55,23.21,22.43,22.97,115482.0
2022-05-26 05:30:00,AMEX:BDRY,22.3,22.61,22.18,22.55,225468.0
2022-05-27 05:30:00,AMEX:BDRY,21.42,21.78,21.28,21.48,228054.0
2022-05-31 05:30:00,AMEX:BDRY,21.91,22.71,21.91,22.19,500232.0
2022-06-01 05:30:00,AMEX:BDRY,22.1,22.28,21.7,21.89,240879.0
2022-06-02 05:30:00,AMEX:BDRY,21.8,22.0,21.8,22.0,82008.0
2022-06-03 05:30:00,AMEX:BDRY,21.81,22.2,21.81,22.01,187352.0
2022-06-06 05:30:00,AMEX:BDRY,21.71,21.82,21.25,21.46,185918.0
2022-06-07 05:30:00,AMEX:BDRY,20.63,20.63,20.26,20.35,186351.0
2022-06-08 05:30:00,AMEX:BDRY,19.59,19.65,19.1,19.24,468201.0
2022-06-09 05:30:00,AMEX:BDRY,19.01,19.45,19.01,19.36,146924.0
2022-06-10 05:30:00,AMEX:BDRY,19.52,20.02,19.52,19.85,265643.0
2022-06-13 05:30:00,AMEX:BDRY,19.15,19.32,19.06,19.14,65237.0
2022-06-14 05:30:00,AMEX:BDRY,19.66,20.0,19.66,19.88,38152.0
2022-06-15 05:30:00,AMEX:BDRY,19.7,19.82,19.37,19.55,69724.0
2022-06-16 05:30:00,AMEX:BDRY,19.55,19.86,19.55,19.69,97051.0
2022-06-17 05:30:00,AMEX:BDRY,20.0,20.3,20.0,20.16,80140.0
2022-06-21 05:30:00,AMEX:BDRY,17.92,18.37,17.75,18.29,231605.0
2022-06-22 05:30:00,AMEX:BDRY,17.11,17.18,16.58,16.79,687670.0
2022-06-23 05:30:00,AMEX:BDRY,17.31,17.8,17.31,17.58,185966.0
2022-06-24 05:30:00,AMEX:BDRY,16.83,17.0987,16.62,16.9,94264.0
2022-06-27 05:30:00,AMEX:BDRY,16.63,16.7,16.25,16.37,295395.0
2022-06-28 05:30:00,AMEX:BDRY,15.69,16.18,15.6,16.03,113929.0
2022-06-29 05:30:00,AMEX:BDRY,16.34,16.92,16.34,16.73,228085.0
2022-06-30 05:30:00,AMEX:BDRY,17.1,17.4,17.08,17.17,200746.0
2022-07-01 05:30:00,AMEX:BDRY,16.9,17.16,16.9,17.11,14124.0
2022-07-05 05:30:00,AMEX:BDRY,15.96,16.0209,15.79,15.9,54825.0
2022-07-06 05:30:00,AMEX:BDRY,15.3,15.4792,14.9203,14.95,266027.0
2022-07-07 05:30:00,AMEX:BDRY,15.52,15.97,15.51,15.91,226112.0
2022-07-08 05:30:00,AMEX:BDRY,15.57,15.59,15.26,15.29,353515.0
2022-07-11 05:30:00,AMEX:BDRY,15.02,15.1979,14.92,15.02,159321.0
2022-07-12 05:30:00,AMEX:BDRY,14.38,14.42,13.8,13.86,173203.0
2022-07-13 05:30:00,AMEX:BDRY,14.32,14.5004,14.1,14.48,232321.0
2022-07-14 05:30:00,AMEX:BDRY,14.86,15.18,14.6501,15.18,100113.0
2022-07-15 05:30:00,AMEX:BDRY,15.56,16.07,15.56,15.99,80774.0
2022-07-18 05:30:00,AMEX:BDRY,15.63,15.66,15.0,15.28,161157.0
2022-07-19 05:30:00,AMEX:BDRY,15.35,15.35,14.69,14.81,191417.0
2022-07-20 05:30:00,AMEX:BDRY,14.8,15.11,14.47,14.54,186410.0
2022-07-21 05:30:00,AMEX:BDRY,14.72,14.8594,14.51,14.65,85850.0
2022-07-22 05:30:00,AMEX:BDRY,14.65,14.77,14.49,14.6,245827.0
2022-07-25 05:30:00,AMEX:BDRY,13.81,13.987,13.17,13.28,238193.0
2022-07-26 05:30:00,AMEX:BDRY,13.04,13.49,13.04,13.47,198105.0
2022-07-27 05:30:00,AMEX:BDRY,12.95,13.41,12.95,13.31,141032.0
2022-07-28 05:30:00,AMEX:BDRY,12.72,12.84,12.53,12.79,328147.0
2022-07-29 05:30:00,AMEX:BDRY,12.23,12.42,12.08,12.42,233000.0
2022-08-01 05:30:00,AMEX:BDRY,12.64,12.69,12.53,12.65,124251.0
2022-08-02 05:30:00,AMEX:BDRY,12.05,12.19,11.58,11.78,552547.0
2022-08-03 05:30:00,AMEX:BDRY,11.3,11.3891,10.69,10.83,395629.0
2022-08-04 05:30:00,AMEX:BDRY,10.56,11.11,10.5,10.82,282607.0
2022-08-05 05:30:00,AMEX:BDRY,11.17,11.3499,10.85,11.1,297024.0
2022-08-08 05:30:00,AMEX:BDRY,11.43,11.73,11.21,11.23,297474.0
2022-08-09 05:30:00,AMEX:BDRY,11.34,11.72,11.34,11.56,287627.0
2022-08-10 05:30:00,AMEX:BDRY,11.55,11.7,11.4,11.58,230828.0
2022-08-11 05:30:00,AMEX:BDRY,10.99,11.03,10.67,10.89,352201.0
2022-08-12 05:30:00,AMEX:BDRY,10.4,10.5739,10.25,10.54,309684.0
2022-08-15 05:30:00,AMEX:BDRY,10.25,10.3603,9.6631,9.89,382057.0
2022-08-16 05:30:00,AMEX:BDRY,9.85,10.03,9.85,9.99,69994.0
2022-08-17 05:30:00,AMEX:BDRY,9.82,10.0,9.64,9.77,92752.0
2022-08-18 05:30:00,AMEX:BDRY,9.31,9.46,9.26,9.42,256517.0
2022-08-19 05:30:00,AMEX:BDRY,9.2,9.42,9.2,9.31,100574.0
2022-08-22 05:30:00,AMEX:BDRY,9.16,9.26,9.046,9.21,129164.0
2022-08-23 05:30:00,AMEX:BDRY,8.94,8.98,8.58,8.7,275541.0
2022-08-24 05:30:00,AMEX:BDRY,8.37,8.58,8.21,8.55,216328.0
2022-08-25 05:30:00,AMEX:BDRY,8.03,8.06,7.8901,7.97,549615.0
2022-08-26 05:30:00,AMEX:BDRY,8.0,8.0,7.92,7.92,282018.0
2022-08-29 05:30:00,AMEX:BDRY,7.9,8.07,7.8125,7.86,449413.0
2022-08-30 05:30:00,AMEX:BDRY,7.48,7.48,6.75,7.2,1201488.0
2022-08-31 05:30:00,AMEX:BDRY,7.29,7.9496,7.24,7.84,649450.0
2022-09-01 05:30:00,AMEX:BDRY,8.48,8.8457,8.4,8.73,997036.0
2022-09-02 05:30:00,AMEX:BDRY,9.02,9.04,8.75,8.78,403482.0
2022-09-06 05:30:00,AMEX:BDRY,8.03,8.09,7.77,7.99,533612.0
2022-09-07 05:30:00,AMEX:BDRY,8.55,8.68,8.1,8.25,348294.0
2022-09-08 05:30:00,AMEX:BDRY,8.45,8.88,8.45,8.78,263833.0
2022-09-09 05:30:00,AMEX:BDRY,8.47,8.75,8.47,8.63,236609.0
2022-09-12 05:30:00,AMEX:BDRY,9.13,9.64,9.13,9.55,520077.0
2022-09-13 05:30:00,AMEX:BDRY,9.8,9.91,9.66,9.75,346276.0
2022-09-14 05:30:00,AMEX:BDRY,9.58,9.65,9.16,9.39,471985.0
2022-09-15 05:30:00,AMEX:BDRY,9.26,9.26,9.0,9.14,110258.0
2022-09-16 05:30:00,AMEX:BDRY,8.86,9.09,8.69,9.07,228036.0
2022-09-19 05:30:00,AMEX:BDRY,9.07,9.26,9.07,9.18,131718.0
2022-09-20 05:30:00,AMEX:BDRY,10.2,10.5,10.1651,10.25,500524.0
2022-09-21 05:30:00,AMEX:BDRY,10.1,10.15,9.74,10.05,246892.0
2022-09-22 05:30:00,AMEX:BDRY,9.86,10.09,9.86,9.94,127725.0
2022-09-23 05:30:00,AMEX:BDRY,10.25,10.47,10.12,10.27,804818.0
2022-09-26 05:30:00,AMEX:BDRY,9.99,10.2,9.99,10.05,182744.0
2022-09-27 05:30:00,AMEX:BDRY,10.02,10.4066,10.02,10.39,145576.0
2022-09-28 05:30:00,AMEX:BDRY,9.68,9.685,9.29,9.58,244220.0
2022-09-29 05:30:00,AMEX:BDRY,9.13,9.1819,8.69,8.96,443971.0
2022-09-30 05:30:00,AMEX:BDRY,8.92,9.51,8.9,9.04,93677.0
2022-10-03 05:30:00,AMEX:BDRY,9.08,9.26,8.9726,9.14,205213.0
2022-10-04 05:30:00,AMEX:BDRY,9.96,10.3994,9.95,10.35,195705.0
2022-10-05 05:30:00,AMEX:BDRY,10.08,10.23,9.96,10.1,172951.0
2022-10-06 05:30:00,AMEX:BDRY,9.73,9.93,9.55,9.69,212388.0
2022-10-07 05:30:00,AMEX:BDRY,9.55,9.82,9.55,9.7,98339.0
2022-10-10 05:30:00,AMEX:BDRY,9.34,9.39,9.01,9.2,127496.0
2022-10-11 05:30:00,AMEX:BDRY,9.35,9.48,9.145,9.34,197610.0
2022-10-12 05:30:00,AMEX:BDRY,9.16,9.24,8.98,9.09,149000.0
2022-10-13 05:30:00,AMEX:BDRY,8.87,8.89,8.67,8.69,155477.0
2022-10-14 05:30:00,AMEX:BDRY,9.19,9.35,9.0412,9.21,373737.0
2022-10-17 05:30:00,AMEX:BDRY,8.99,9.03,8.8001,8.83,212470.0
2022-10-18 05:30:00,AMEX:BDRY,9.32,9.4943,9.01,9.19,181114.0
2022-10-19 05:30:00,AMEX:BDRY,9.1,9.21,8.65,8.95,145103.0
2022-10-20 05:30:00,AMEX:BDRY,8.88,8.89,8.6601,8.71,113171.0
2022-10-21 05:30:00,AMEX:BDRY,8.7,9.0,8.6683,8.81,95286.0
2022-10-24 05:30:00,AMEX:BDRY,8.73,8.81,8.4224,8.48,117499.0
2022-10-25 05:30:00,AMEX:BDRY,8.36,8.45,8.25,8.35,120621.0
2022-10-26 05:30:00,AMEX:BDRY,8.09,8.19,7.94,8.09,191126.0
2022-10-27 05:30:00,AMEX:BDRY,7.82,7.9,7.64,7.75,148949.0
2022-10-28 05:30:00,AMEX:BDRY,7.64,7.72,7.5237,7.71,73471.0
2022-10-31 05:30:00,AMEX:BDRY,7.09,7.13,6.935,7.1,433402.0
2022-11-01 05:30:00,AMEX:BDRY,7.22,7.45,7.21,7.41,112161.0
2022-11-02 05:30:00,AMEX:BDRY,7.48,8.01,7.415,7.67,398336.0
2022-11-03 05:30:00,AMEX:BDRY,7.44,7.55,7.31,7.37,188224.0
2022-11-04 05:30:00,AMEX:BDRY,7.71,7.925,7.6609,7.72,262782.0
2022-11-07 05:30:00,AMEX:BDRY,7.62,8.17,7.53,7.57,479035.0
2022-11-08 05:30:00,AMEX:BDRY,7.6,7.79,7.6,7.7,204239.0
2022-11-09 05:30:00,AMEX:BDRY,7.76,7.97,7.76,7.9,191530.0
2022-11-10 05:30:00,AMEX:BDRY,7.8,7.98,7.61,7.89,196946.0
2022-11-11 05:30:00,AMEX:BDRY,8.12,8.29,8.11,8.2,228730.0
2022-11-14 05:30:00,AMEX:BDRY,8.2,8.3,8.19,8.2,191655.0
2022-11-15 05:30:00,AMEX:BDRY,7.9,8.1,7.69,7.71,915772.0
2022-11-16 05:30:00,AMEX:BDRY,7.71,7.71,7.21,7.35,341188.0
2022-11-17 05:30:00,AMEX:BDRY,7.12,7.3,7.11,7.19,226008.0
2022-11-18 05:30:00,AMEX:BDRY,7.05,7.19,7.05,7.09,111020.0
2022-11-21 05:30:00,AMEX:BDRY,7.21,7.38,7.15,7.37,230457.0
2022-11-22 05:30:00,AMEX:BDRY,7.02,7.08,6.82,7.07,400549.0
2022-11-23 05:30:00,AMEX:BDRY,7.19,7.4204,7.19,7.38,316880.0
2022-11-25 05:30:00,AMEX:BDRY,7.69,7.88,7.68,7.82,365450.0
2022-11-28 05:30:00,AMEX:BDRY,7.73,7.8,7.52,7.66,547602.0
2022-11-29 05:30:00,AMEX:BDRY,7.38,7.5999,7.25,7.54,152273.0
2022-11-30 05:30:00,AMEX:BDRY,7.73,7.94,7.7216,7.86,217710.0
2022-12-01 05:30:00,AMEX:BDRY,7.7,7.765,7.55,7.71,258618.0
2022-12-02 05:30:00,AMEX:BDRY,7.61,7.7,7.5901,7.7,126685.0
2022-12-05 05:30:00,AMEX:BDRY,7.88,8.0,7.88,7.97,526042.0
2022-12-06 05:30:00,AMEX:BDRY,8.12,8.4689,8.06,8.44,793612.0
2022-12-07 05:30:00,AMEX:BDRY,8.25,8.45,8.25,8.4,155204.0
2022-12-08 05:30:00,AMEX:BDRY,8.81,9.04,8.79,9.01,236223.0
2022-12-09 05:30:00,AMEX:BDRY,9.08,9.32,9.08,9.19,183485.0
2022-12-12 05:30:00,AMEX:BDRY,8.54,8.85,8.402,8.74,299889.0
2022-12-13 05:30:00,AMEX:BDRY,9.04,9.35,9.04,9.29,426497.0
2022-12-14 05:30:00,AMEX:BDRY,9.65,9.841,9.65,9.82,275932.0
2022-12-15 05:30:00,AMEX:BDRY,10.07,10.22,9.69,9.76,507852.0
2022-12-16 05:30:00,AMEX:BDRY,9.17,9.32,8.81,9.03,230284.0
2022-12-19 05:30:00,AMEX:BDRY,8.97,9.0399,8.82,8.85,295838.0
2022-12-20 05:30:00,AMEX:BDRY,9.74,10.01,9.74,9.98,326431.0
2022-12-21 05:30:00,AMEX:BDRY,10.25,10.33,9.87,9.98,219640.0
2022-12-22 05:30:00,AMEX:BDRY,9.51,9.84,9.4869,9.74,204291.0
2022-12-23 05:30:00,AMEX:BDRY,9.56,9.63,9.35,9.46,251450.0
2022-12-27 05:30:00,AMEX:BDRY,9.49,9.7,9.42,9.5,465809.0
2022-12-28 05:30:00,AMEX:BDRY,9.42,9.6011,9.36,9.45,102649.0
2022-12-29 05:30:00,AMEX:BDRY,9.34,9.46,9.33,9.4,92953.0
2022-12-30 05:30:00,AMEX:BDRY,9.24,9.3412,9.12,9.19,147995.0
2023-01-03 05:30:00,AMEX:BDRY,9.01,9.18,8.75,8.82,75039.0
2023-01-04 05:30:00,AMEX:BDRY,9.01,9.28,9.01,9.25,45173.0
2023-01-05 05:30:00,AMEX:BDRY,9.3732,9.555,9.3605,9.51,56236.0
2023-01-06 05:30:00,AMEX:BDRY,9.67,10.28,9.5,10.04,83703.0
2023-01-09 05:30:00,AMEX:BDRY,10.1,10.1,9.4909,9.74,56140.0
2023-01-10 05:30:00,AMEX:BDRY,9.15,9.18,9.01,9.12,48804.0
2023-01-11 05:30:00,AMEX:BDRY,9.08,9.17,8.97,8.98,44347.0
2023-01-12 05:30:00,AMEX:BDRY,9.08,9.308,8.943,9.09,53492.0
2023-01-13 05:30:00,AMEX:BDRY,9.22,9.44,9.22,9.36,115512.0
2023-01-17 05:30:00,AMEX:BDRY,9.5,9.55,9.4001,9.41,71091.0
2023-01-18 05:30:00,AMEX:BDRY,9.09,9.28,8.88,8.94,65911.0
2023-01-19 05:30:00,AMEX:BDRY,8.72,8.8586,8.66,8.7752,123186.0
2023-01-20 05:30:00,AMEX:BDRY,8.9511,9.15,8.885,8.95,72846.0
2023-01-23 05:30:00,AMEX:BDRY,8.8,8.8,8.61,8.64,100711.0
2023-01-24 05:30:00,AMEX:BDRY,8.57,8.63,8.4,8.44,44569.0
2023-01-25 05:30:00,AMEX:BDRY,8.49,8.54,8.42,8.45,31239.0
2023-01-26 05:30:00,AMEX:BDRY,8.24,8.24,8.1,8.12,134799.0
2023-01-27 05:30:00,AMEX:BDRY,8.23,8.75,8.21,8.27,144057.0
2023-01-30 05:30:00,AMEX:BDRY,8.03,8.17,7.9,8.0,283419.0
2023-01-31 05:30:00,AMEX:BDRY,7.73,7.98,7.66,7.8,208880.0
2023-02-01 05:30:00,AMEX:BDRY,7.6,7.715,7.53,7.53,514813.0
2023-02-02 05:30:00,AMEX:BDRY,7.46,7.54,7.3,7.31,486403.0
2023-02-03 05:30:00,AMEX:BDRY,7.28,7.33,7.1,7.11,393375.0
